nif,titular_id
A01386044,1
A07030125,2
A07051881,3
A07738933,4
A08010043,5
A08027963,6
A08052441,7
A08089005,8
A08115669,9
A08121089,10
A08129058,11
A08134454,12
A08139339,13
A08139859,14
A08153173,15
A08193732,16
A08197386,17
A08225013,18
A08229114,19
A08230245,20
A08230252,21
A08230286,22
A08238479,23
A08239683,24
A08240525,25
A08241929,26
A08243354,27
A08249393,28
A08251613,29
A08258857,30
A08264657,31
A08276479,32
A08283061,33
A08286700,34
A08307563,35
A08329419,36
A08335135,37
A08367898,38
A08368094,39
A08369027,40
A08371346,41
A08376543,42
A08405490,43
A08426421,44
A08433989,45
A08436677,46
A08452567,47
A08456964,48
A08477713,49
A08504631,50
A08520876,51
A08523540,52
A08586539,53
A08667149,54
A08687477,55
A08705584,56
A08747800,57
A08747826,58
A08791790,59
A08796518,60
A08800971,61
A08803108,62
A08815037,63
A08815185,64
A08831869,65
A08847758,66
A08864712,67
A08893448,68
A08898405,69
A08899866,70
A08900334,71
A08901258,72
A08930208,73
A08941221,74
A08949646,75
A17013731,76
A17015892,77
A17021312,78
A17027186,79
A25045204,80
A28059483,81
A28103182,82
A38385712,83
A38405841,84
A38453395,85
A41390022,86
A50138577,87
A58008186,88
A58017781,89
A58032277,90
A58063637,91
A58066390,92
A58105222,93
A58107889,94
A58140872,95
A58191800,96
A58216664,97
A58238148,98
A58242223,99
A58253816,100
A58260860,101
A58270760,102
A58288788,103
A58293895,104
A58294414,105
A58294786,106
A58315458,107
A58335464,108
A58346370,109
A58349101,110
A58377052,111
A58377540,112
A58392366,113
A58420167,114
A58431693,115
A58437724,116
A58440769,117
A58468844,118
A58469255,119
A58470022,120
A58479015,121
A58489238,122
A58510546,123
A58511882,124
A58604547,125
A58663691,126
A58664764,127
A58741547,128
A58744913,129
A58768151,130
A58770371,131
A58800475,132
A58886987,133
A58953506,134
A58969783,135
A58973587,136
A58980889,137
A59059469,138
A59068379,139
A59084368,140
A59091272,141
A59114744,142
A59121822,143
A59121830,144
A59151803,145
A59307934,146
A59783514,147
A59813493,148
A59837369,149
A59875864,150
A59934117,151
A60129863,152
A60890043,153
A60890050,154
A61307369,155
A61378733,156
A61401758,157
A61691739,158
A62325543,159
A62618780,160
A62636907,161
A63440200,162
A63766018,163
A66081035,164
A66283144,165
A78304516,166
A79703153,167
A79855201,168
A80239007,169
A80546088,170
A82756610,171
A82919945,172
A83056911,173
A83992404,174
B01538214,175
B01548569,176
B01609304,177
B01661057,178
B01756139,179
B01887777,180
B01899053,181
B01928241,182
B02791895,183
B02792307,184
B02793685,185
B02797991,186
B02826881,187
B02902278,188
B04945671,189
B04983755,190
B04985008,191
B05430996,192
B07603046,193
B08122871,194
B08152456,195
B08153595,196
B08155236,197
B08156705,198
B08158339,199
B08165938,200
B08179608,201
B08193534,202
B08205858,203
B08214595,204
B08236127,205
B08244261,206
B08256547,207
B08261968,208
B08303836,209
B08367898,210
B08370827,211
B08404386,212
B08411233,213
B08486342,214
B08516973,215
B08595068,216
B08676090,217
B08710402,218
B08719122,219
B08796591,220
B08798837,221
B08815441,222
B08815904,223
B08829871,224
B08838930,225
B08854960,226
B08854978,227
B08854986,228
B08857237,229
B08869331,230
B08873861,231
B08945602,232
B09469594,233
B09741471,234
B09762758,235
B09836701,236
B09920331,237
B10532000,238
B10565745,239
B10569978,240
B10844983,241
B10856805,242
B10865301,243
B12668950,244
B12851747,245
B12970729,246
B13803234,247
B13886783,248
B13943071,249
B16733982,250
B16745507,251
B16765588,252
B16784035,253
B16810178,254
B17017062,255
B17085622,256
B17092123,257
B17166414,258
B17528068,259
B17528092,260
B17557141,261
B17597121,262
B17647678,263
B17706649,264
B17869835,265
B17890153,266
B17929944,267
B17943168,268
B18500157,269
B19629344,270
B19629443,271
B20673893,272
B21725387,273
B21815311,274
B22438097,275
B22589378,276
B22744502,277
B22765051,278
B24988594,279
B25582313,280
B28061976,281
B28127835,282
B28444594,283
B31448822,284
B36009611,285
B42743385,286
B42915256,287
B42929059,288
B42966788,289
B43067172,290
B43656164,291
B43666775,292
B43683184,293
B44704385,294
B44832079,295
B46043238,296
B50883958,297
B55014104,298
B55138770,299
B55186787,300
B55199913,301
B55215800,302
B55225346,303
B55667364,304
B56248081,305
B56376783,306
B56436413,307
B56459589,308
B56488554,309
B56893506,310
B56931579,311
B56983893,312
B57101974,313
B57311433,314
B57689648,315
B58008780,316
B58014382,317
B58018888,318
B58082108,319
B58109752,320
B58110438,321
B58120775,322
B58227877,323
B58253477,324
B58266784,325
B58298035,326
B58323106,327
B58354713,328
B58381682,329
B58434671,330
B58456161,331
B58463175,332
B58469826,333
B58487570,334
B58500547,335
B58511882,336
B58526591,337
B58586991,338
B58589425,339
B58609678,340
B58652090,341
B58661463,342
B58671421,343
B58794314,344
B58796145,345
B58829953,346
B58870809,347
B58875048,348
B58929340,349
B58969676,350
B59122523,351
B59151852,352
B59165597,353
B59308791,354
B59329714,355
B59341784,356
B59368720,357
B59377747,358
B59381194,359
B59431635,360
B59521559,361
B59549105,362
B59595546,363
B59634451,364
B59681726,365
B59752386,366
B59775932,367
B59785915,368
B59794040,369
B59809145,370
B59820951,371
B59845982,372
B59869750,373
B59969857,374
B60002136,375
B60014933,376
B60015823,377
B60085172,378
B60127156,379
B60157518,380
B60208527,381
B60231297,382
B60242252,383
B60335387,384
B60338720,385
B60365806,386
B60368404,387
B60375201,388
B60416898,389
B60431533,390
B60447638,391
B60458411,392
B60470408,393
B60506177,394
B60543816,395
B60594793,396
B60619731,397
B60632593,398
B60633054,399
B60644564,400
B60650736,401
B60689270,402
B60690856,403
B60780459,404
B60783248,405
B60825767,406
B60858024,407
B60861168,408
B60902608,409
B60916699,410
B60970407,411
B60996253,412
B61005039,413
B61031100,414
B61055935,415
B61082657,416
B61095857,417
B61100921,418
B61125076,419
B61131504,420
B61139358,421
B61186011,422
B61227146,423
B61228631,424
B61242368,425
B61273371,426
B61282562,427
B61324182,428
B61337481,429
B61337838,430
B61348272,431
B61374252,432
B61380424,433
B61414199,434
B61436879,435
B61449542,436
B61456166,437
B61456232,438
B61463725,439
B61489001,440
B61502035,441
B61510798,442
B61522413,443
B61526315,444
B61534897,445
B61548186,446
B61570107,447
B61581112,448
B61614913,449
B61653044,450
B61659595,451
B61691036,452
B61708699,453
B61735825,454
B61753356,455
B61796454,456
B61802377,457
B61809307,458
B61813895,459
B61828174,460
B61829628,461
B61832069,462
B61837142,463
B61841086,464
B61841615,465
B61861134,466
B61869327,467
B61903712,468
B61912465,469
B61914883,470
B61933511,471
B61935508,472
B61945119,473
B61948360,474
B61953378,475
B61961355,476
B61964961,477
B62037726,478
B62057948,479
B62067533,480
B62073234,481
B62082151,482
B62084454,483
B62091699,484
B62094693,485
B62111059,486
B62118815,487
B62119037,488
B62133384,489
B62161062,490
B62180187,491
B62197389,492
B62216551,493
B62228820,494
B62235908,495
B62237359,496
B62278874,497
B62345616,498
B62346622,499
B62365820,500
B62369301,501
B62385067,502
B62387782,503
B62398540,504
B62405824,505
B62410279,506
B62439161,507
B62441514,508
B62451315,509
B62461256,510
B62470695,511
B62487335,512
B62487863,513
B62497698,514
B62505664,515
B62518055,516
B62559505,517
B62582358,518
B62584511,519
B62585971,520
B62600648,521
B62601265,522
B62610936,523
B62613450,524
B62615679,525
B62622147,526
B62652813,527
B62673884,528
B62752597,529
B62754346,530
B62806278,531
B62810403,532
B62818703,533
B62850045,534
B62851423,535
B62868781,536
B62869961,537
B62895321,538
B62895867,539
B62915335,540
B62919485,541
B62943089,542
B62945696,543
B62948344,544
B62950308,545
B62954748,546
B62963475,547
B62980925,548
B62991526,549
B63011415,550
B63015143,551
B63026538,552
B63031710,553
B63031959,554
B63032163,555
B63036834,556
B63037949,557
B63044051,558
B63046411,559
B63047468,560
B63055768,561
B63058200,562
B63098438,563
B63103212,564
B63106371,565
B63118012,566
B63124994,567
B63131981,568
B63163810,569
B63196570,570
B63208532,571
B63218473,572
B63247720,573
B63271555,574
B63306526,575
B63306773,576
B63324115,577
B63376800,578
B63425292,579
B63442206,580
B63459895,581
B63465793,582
B63470942,583
B63476683,584
B63502652,585
B63508618,586
B63508675,587
B63508691,588
B63509335,589
B63534218,590
B63554901,591
B63560619,592
B63566244,593
B63588982,594
B63592174,595
B63613053,596
B63627368,597
B63643027,598
B63645766,599
B63666887,600
B63667059,601
B63672315,602
B63677272,603
B63723415,604
B63733281,605
B63735203,606
B63740716,607
B63793913,608
B63824841,609
B63825095,610
B63828487,611
B63888651,612
B63906911,613
B63907869,614
B63912596,615
B63943971,616
B63965974,617
B64033145,618
B64045545,619
B64054216,620
B64054265,621
B64078181,622
B64093610,623
B64152192,624
B64160005,625
B64161201,626
B64199169,627
B64202013,628
B64202161,629
B64202690,630
B64214588,631
B64226186,632
B64270135,633
B64301708,634
B64302516,635
B64303373,636
B64337751,637
B64354590,638
B64394257,639
B64413826,640
B64439557,641
B64471253,642
B64472293,643
B64490097,644
B64515695,645
B64517048,646
B64559941,647
B64562747,648
B64563869,649
B64585474,650
B64620438,651
B64625205,652
B64650765,653
B64668684,654
B64686157,655
B64690274,656
B64690464,657
B64716269,658
B64747652,659
B64810286,660
B64816218,661
B64848203,662
B64867567,663
B64921489,664
B64931850,665
B64948359,666
B64961071,667
B64964190,668
B64989098,669
B64991284,670
B64999303,671
B65003360,672
B65004483,673
B65005035,674
B65030496,675
B65046427,676
B65049702,677
B65054967,678
B65075178,679
B65097180,680
B65101412,681
B65102782,682
B65120453,683
B65130825,684
B65132128,685
B65132144,686
B65138711,687
B65163941,688
B65194425,689
B65233413,690
B65234999,691
B65248726,692
B65256877,693
B65296535,694
B65326902,695
B65334518,696
B65373466,697
B65374811,698
B65416992,699
B65420606,700
B65421182,701
B65432312,702
B65444234,703
B65445348,704
B65447351,705
B65451866,706
B65462145,707
B65497414,708
B65507097,709
B65573362,710
B65578940,711
B65580037,712
B65591851,713
B65618407,714
B65620528,715
B65632945,716
B65650400,717
B65650772,718
B65690794,719
B65693947,720
B65694267,721
B65696114,722
B65761025,723
B65766669,724
B65773996,725
B65798977,726
B65799082,727
B65803694,728
B65807455,729
B65820698,730
B65822041,731
B65825499,732
B65842205,733
B65857344,734
B65869836,735
B65870156,736
B65870909,737
B65878191,738
B65885568,739
B65893497,740
B65895161,741
B65907792,742
B65924268,743
B65935553,744
B65952509,745
B65955916,746
B65966004,747
B65968307,748
B65969792,749
B65973042,750
B65986556,751
B65993446,752
B65994014,753
B66002189,754
B66004946,755
B66006057,756
B66011578,757
B66013251,758
B66018706,759
B66033366,760
B66050345,761
B66057498,762
B66065251,763
B66068362,764
B66081035,765
B66087339,766
B66093048,767
B66093139,768
B66093964,769
B66103508,770
B66106972,771
B66114943,772
B66130444,773
B66137050,774
B66150426,775
B66158460,776
B66164674,777
B66168311,778
B66169731,779
B66174079,780
B66176561,781
B66182858,782
B66184334,783
B66192139,784
B66195892,785
B66209693,786
B66221425,787
B66222878,788
B66224668,789
B66231887,790
B66232497,791
B66240577,792
B66252347,793
B66255480,794
B66256546,795
B66265943,796
B66275850,797
B66282336,798
B66288135,799
B66313057,800
B66327412,801
B66327917,802
B66336892,803
B66337031,804
B66348293,805
B66358268,806
B66367863,807
B66373580,808
B66376922,809
B66383092,810
B66400748,811
B66413923,812
B66424417,813
B66424987,814
B66448176,815
B66451402,816
B66458191,817
B66465477,818
B66483223,819
B66493099,820
B66495755,821
B66497009,822
B66500349,823
B66516931,824
B66519513,825
B66541319,826
B66544511,827
B66545021,828
B66549064,829
B66582677,830
B66585399,831
B66599085,832
B66603325,833
B66616962,834
B66619081,835
B66620212,836
B66627092,837
B66631524,838
B66639774,839
B66649682,840
B66651043,841
B66653395,842
B66653544,843
B66658329,844
B66663592,845
B66676883,846
B66692401,847
B66697525,848
B66699836,849
B66706540,850
B66728692,851
B66734609,852
B66741547,853
B66747650,854
B66762006,855
B66794603,856
B66794793,857
B66811985,858
B66819053,859
B66819503,860
B66823899,861
B66831868,862
B66846411,863
B66866153,864
B66883166,865
B66911744,866
B66937988,867
B66963745,868
B66968298,869
B66980533,870
B66980558,871
B66986597,872
B66989773,873
B66996372,874
B66999590,875
B67003467,876
B67053124,877
B67062141,878
B67065466,879
B67076133,880
B67078170,881
B67089185,882
B67111856,883
B67115923,884
B67123976,885
B67126904,886
B67144931,887
B67177642,888
B67188052,889
B67201863,890
B67230706,891
B67236612,892
B67246827,893
B67267104,894
B67271213,895
B67272500,896
B67284141,897
B67304733,898
B67319533,899
B67347658,900
B67373779,901
B67378802,902
B67392993,903
B67399626,904
B67434050,905
B67469767,906
B67502146,907
B67525378,908
B67528489,909
B67536995,910
B67552166,911
B67552257,912
B67557231,913
B67575886,914
B67580050,915
B67586719,916
B67593988,917
B67600163,918
B67607119,919
B67683177,920
B67967901,921
B70201553,922
B70629555,923
B70876735,924
B70907746,925
B70959325,926
B71103691,927
B72566763,928
B72693963,929
B72696461,930
B72765241,931
B72979404,932
B75343004,933
B75521609,934
B75534057,935
B75853135,936
B76003771,937
B81108805,938
B81179574,939
B82945445,940
B82988825,941
B83028456,942
B83246934,943
B83859868,944
B84679935,945
B84680024,946
B85480002,947
B85616357,948
B86125812,949
B86858602,950
B87011052,951
B87171740,952
B87209789,953
B87230926,954
B87236188,955
B87291530,956
B87408068,957
B87576732,958
B87793774,959
B87932612,960
B95953683,961
B96762166,962
B98782030,963
E38206744,964
E56983042,965
E58131301,966
E59659763,967
E60442910,968
E60652518,969
E61701694,970
E62357777,971
E62978770,972
E63910020,973
E64282742,974
E64833213,975
E65475089,976
E66972688,977
E80601297,978
E82947987,979
F62686670,980
G08902645,981
G58446584,982
G59101659,983
G59346650,984
G60603354,985
G61343497,986
G62743265,987
G62806757,988
G63009039,989
G63113476,990
G63457998,991
G63556252,992
G63562367,993
J08994196,994
J58150608,995
J58460114,996
J58501305,997
J60415197,998
J60648482,999
J60691581,1000
J60993532,1001
J61338752,1002
J61536157,1003
J61624706,1004
J61669149,1005
J62125018,1006
J63192371,1007
J63374581,1008
J63427777,1009
J63509988,1010
J64203656,1011
J64915283,1012
J64924590,1013
J64965304,1014
J65047532,1015
J65090201,1016
J65136897,1017
J65349391,1018
J65454845,1019
J65469710,1020
J65541666,1021
J65544710,1022
J65747990,1023
J65773640,1024
J65775769,1025
J65899676,1026
J6590421,1027
J65926602,1028
J65937559,1029
J65966376,1030
J65981847,1031
J65982233,1032
J66001017,1033
J66064882,1034
J66090036,1035
J66175563,1036
J66256769,1037
J66300146,1038
J66679747,1039
W0432250I,1040
b63667943,1041
,1042
,1043
A06006035,1044
A08002941,1045
A08013906,1046
A08038192,1047
A08051039,1048
A08055071,1049
A08066342,1050
A08072183,1051
A08103020,1052
A08108342,1053
A08137812,1054
A08144560,1055
A08193930,1056
A08196669,1057
A08211591,1058
A08237075,1059
A08238032,1060
A08272502,1061
A08285561,1062
A08312803,1063
A08325292,1064
A08338337,1065
A08348898,1066
A08368391,1067
A08371536,1068
A08376980,1069
A08432155,1070
A08457988,1071
A08533556,1072
A08556474,1073
A08565715,1074
A08577801,1075
A08650632,1076
A08670309,1077
A08683088,1078
A08709412,1079
A08739385,1080
A08768715,1081
A08796583,1082
A08815441,1083
A08823114,1084
A08824443,1085
A08848509,1086
A08871337,1087
A08900763,1088
A08944704,1089
A08950867,1090
A08951774,1091
A08976250,1092
A08977217,1093
A17001157,1094
A17011206,1095
A17012881,1096
A17327230,1097
A28868743,1098
A31256944,1099
A43311703,1100
A48050546,1101
A58006149,1102
A58026576,1103
A58064320,1104
A58075334,1105
A58087016,1106
A58092321,1107
A58102278,1108
A58106980,1109
A58164955,1110
A58225004,1111
A58266453,1112
A58301367,1113
A58308552,1114
A58324591,1115
A58347147,1116
A58352006,1117
A58360751,1118
A58368374,1119
A58400763,1120
A58408071,1121
A58444555,1122
A58444837,1123
A58460023,1124
A58460049,1125
A58492174,1126
A58498353,1127
A58498577,1128
A58518267,1129
A58518523,1130
A58523804,1131
A58529801,1132
A58542515,1133
A58564014,1134
A5857102,1135
A58585217,1136
A58606021,1137
A58606609,1138
A58657859,1139
A58657990,1140
A58666223,1141
A58720566,1142
A58754383,1143
A58779521,1144
A58810987,1145
A58850637,1146
A58855032,1147
A58956400,1148
A59021535,1149
A59026161,1150
A59054809,1151
A59094920,1152
A59104083,1153
A59109769,1154
A59368209,1155
A59847103,1156
A59885301,1157
A59888628,1158
A59981696,1159
A60093143,1160
A60469541,1161
A60585304,1162
A60698636,1163
A60851292,1164
A61886206,1165
A61963757,1166
A62387782,1167
A62711015,1168
A62772942,1169
A63626246,1170
A64318678,1171
A66317918,1172
A66409681,1173
A80413081,1174
A87358446,1175
A87805768,1176
B01613330,1177
B01687458,1178
B01703297,1179
B01713056,1180
B01716430,1181
B01771120,1182
B01788967,1183
B01789601,1184
B01808146,1185
B01846112,1186
B01890805,1187
B02634376,1188
B02718146,1189
B02757201,1190
B02883932,1191
B02894517,1192
B02903243,1193
B04475828,1194
B04942801,1195
B04950622,1196
B05380225,1197
B05404967,1198
B05486865,1199
B06779524,1200
B06792774,1201
B06812606,1202
B06861140,1203
B06960785,1204
B06975056,1205
B06975403,1206
B07073554,1207
B07303621,1208
B07481641,1209
B07661440,1210
B07981152,1211
B08039315,1212
B08056608,1213
B08074353,1214
B08082877,1215
B08082968,1216
B08101057,1217
B08102154,1218
B08109563,1219
B08128902,1220
B08133365,1221
B08145930,1222
B08152472,1223
B08154841,1224
B08156036,1225
B08158693,1226
B08179624,1227
B08193674,1228
B08194995,1229
B08200933,1230
B08221160,1231
B08267635,1232
B08295685,1233
B08311987,1234
B08335127,1235
B08348617,1236
B08348682,1237
B08376527,1238
B08381295,1239
B08401069,1240
B08411308,1241
B08416265,1242
B08426207,1243
B08427858,1244
B08429573,1245
B08429821,1246
B08438160,1247
B08470445,1248
B08477259,1249
B08505240,1250
B08521460,1251
B08534422,1252
B08556474,1253
B08577421,1254
B08605958,1255
B08610610,1256
B08626046,1257
B08654568,1258
B08685448,1259
B08700858,1260
B08753287,1261
B08791956,1262
B08794539,1263
B08802027,1264
B08803611,1265
B08805004,1266
B08832156,1267
B08842890,1268
B08847105,1269
B08864241,1270
B08884199,1271
B08885006,1272
B08898298,1273
B08931099,1274
B08947012,1275
B08949570,1276
B08994907,1277
B09110982,1278
B09620063,1279
B09655838,1280
B09690231,1281
B09845603,1282
B09951138,1283
B09971185,1284
B10547289,1285
B10565968,1286
B10782985,1287
B10823144,1288
B10848729,1289
B10902005,1290
B10941045,1291
B10959781,1292
B10980936,1293
B11836723,1294
B13786801,1295
B13808068,1296
B13830328,1297
B13865456,1298
B13914551,1299
B13917141,1300
B13938592,1301
B13946264,1302
B13962725,1303
B13964523,1304
B16359671,1305
B16782997,1306
B16852683,1307
B16967143,1308
B16987414,1309
B17005323,1310
B17014481,1311
B17022625,1312
B17024761,1313
B17216292,1314
B17259367,1315
B17318544,1316
B17337007,1317
B17369521,1318
B17385766,1319
B17469354,1320
B17495052,1321
B17513094,1322
B17513961,1323
B17522491,1324
B17693144,1325
B17723636,1326
B17737958,1327
B17936220,1328
B18530998,1329
B19817444,1330
B19839109,1331
B19842582,1332
B20332961,1333
B20929741,1334
B21371539,1335
B21790035,1336
B21964697,1337
B22209191,1338
B22334007,1339
B22867808,1340
B22933378,1341
B24798407,1342
B25045212,1343
B25278664,1344
B25406216,1345
B25433624,1346
B25446535,1347
B25457748,1348
B25510348,1349
B25531435,1350
B25542796,1351
B25563701,1352
B25583329,1353
B25590860,1354
B25691767,1355
B25724188,1356
B25816406,1357
B25833369,1358
B26894832,1359
B28828804,1360
B31005739,1361
B31213218,1362
B35640846,1363
B42806877,1364
B42864553,1365
B42871301,1366
B42922120,1367
B42937060,1368
B43015593,1369
B43311364,1370
B43419514,1371
B43420587,1372
B43445840,1373
B43524669,1374
B43575026,1375
B43607084,1376
B43656735,1377
B43661966,1378
B43710128,1379
B43772334,1380
B43866565,1381
B43881366,1382
B43904366,1383
B43931872,1384
B43967595,1385
B44551885,1386
B44584118,1387
B44613545,1388
B44631612,1389
B44631620,1390
B44666642,1391
B44721173,1392
B44797611,1393
B44865343,1394
B44910131,1395
B45200797,1396
B48493639,1397
B53775193,1398
B54164124,1399
B54784251,1400
B54848817,1401
B54909189,1402
B55084354,1403
B55126312,1404
B55159552,1405
B55209522,1406
B55219109,1407
B55264246,1408
B55405377,1409
B55554240,1410
B55626261,1411
B55671887,1412
B55692057,1413
B55708804,1414
B55767602,1415
B56168164,1416
B56179534,1417
B56276090,1418
B56354798,1419
B56360373,1420
B56373426,1421
B56441405,1422
B56482870,1423
B56564339,1424
B56681018,1425
B56874514,1426
B56884695,1427
B56912306,1428
B56995095,1429
B57353906,1430
B57569154,1431
B57835209,1432
B57913071,1433
B58009507,1434
B58020660,1435
B58024050,1436
B58044827,1437
B58069733,1438
B58091661,1439
B58095274,1440
B58100090,1441
B58109075,1442
B58114828,1443
B58154691,1444
B58163411,1445
B58164534,1446
B58186107,1447
B58186701,1448
B58236902,1449
B58246505,1450
B58248196,1451
B58257866,1452
B58284993,1453
B58291212,1454
B58314709,1455
B58328303,1456
B58336926,1457
B58352014,1458
B58361445,1459
B58366451,1460
B58376963,1461
B58380338,1462
B58385682,1463
B58385683,1464
B58387978,1465
B58390626,1466
B58405549,1467
B58405689,1468
B58408071,1469
B58411422,1470
B58414814,1471
B58415043,1472
B58436924,1473
B58444829,1474
B58452319,1475
B58461740,1476
B58466822,1477
B58492646,1478
B58510231,1479
B58515131,1480
B58516584,1481
B58572033,1482
B58574849,1483
B58581299,1484
B58588773,1485
B58604547,1486
B58613068,1487
B58617994,1488
B58618323,1489
B58628660,1490
B58633033,1491
B58641705,1492
B58643917,1493
B58646944,1494
B58651357,1495
B58654930,1496
B58695610,1497
B58697483,1498
B58722885,1499
B58723008,1500
B58736372,1501
B58761388,1502
B58771221,1503
B58782517,1504
B58784588,1505
B58800517,1506
B58801150,1507
B58805763,1508
B58816828,1509
B58824517,1510
B58828658,1511
B58835067,1512
B58848953,1513
B58860164,1514
B58875667,1515
B58879719,1516
B58906033,1517
B58911280,1518
B58938051,1519
B58938234,1520
B58960873,1521
B58968926,1522
B58969296,1523
B59022749,1524
B59024216,1525
B59025056,1526
B59027029,1527
B59039164,1528
B59044925,1529
B59076968,1530
B59076984,1531
B59085274,1532
B59095901,1533
B59099457,1534
B59107581,1535
B59113977,1536
B59118786,1537
B59142513,1538
B59149146,1539
B59149906,1540
B59154534,1541
B59180141,1542
B59202747,1543
B59301085,1544
B59308072,1545
B59345892,1546
B59346114,1547
B59351775,1548
B59369827,1549
B59376376,1550
B59379370,1551
B59385989,1552
B59387936,1553
B59404947,1554
B59430439,1555
B59437095,1556
B59501528,1557
B59587063,1558
B59588988,1559
B59724823,1560
B59771105,1561
B59780841,1562
B59804153,1563
B59809418,1564
B59819052,1565
B59830802,1566
B59843268,1567
B59850065,1568
B59850123,1569
B59854315,1570
B59873208,1571
B59879114,1572
B59879635,1573
B59891697,1574
B59908251,1575
B59920413,1576
B59926980,1577
B59957506,1578
B59968297,1579
B59980607,1580
B59986281,1581
B59994186,1582
B59994335,1583
B60024429,1584
B60029964,1585
B60066289,1586
B60082484,1587
B60098308,1588
B60099397,1589
B60110632,1590
B60124005,1591
B60130655,1592
B60135878,1593
B60145323,1594
B60208444,1595
B60209053,1596
B60219227,1597
B60234937,1598
B60264876,1599
B60268323,1600
B60269677,1601
B60272804,1602
B60294352,1603
B60304979,1604
B60336005,1605
B60349792,1606
B60366101,1607
B60391505,1608
B60396892,1609
B60412897,1610
B60442621,1611
B60443561,1612
B60462264,1613
B60493459,1614
B60494101,1615
B60497948,1616
B60499266,1617
B60537768,1618
B60556909,1619
B60562782,1620
B60605946,1621
B60608635,1622
B60613106,1623
B60615242,1624
B60619913,1625
B60622875,1626
B60623162,1627
B60632486,1628
B60647765,1629
B60653201,1630
B60654928,1631
B60659224,1632
B60676392,1633
B60719036,1634
B60719747,1635
B60720695,1636
B60733599,1637
B60739018,1638
B60741550,1639
B60769940,1640
B60799848,1641
B60815693,1642
B60821683,1643
B60824075,1644
B60828092,1645
B60834611,1646
B60853181,1647
B60866373,1648
B60878808,1649
B60880044,1650
B60906484,1651
B60915634,1652
B60942505,1653
B60947934,1654
B60961539,1655
B60963402,1656
B60986312,1657
B61000303,1658
B61010609,1659
B61015350,1660
B61045563,1661
B61048724,1662
B61053203,1663
B61056131,1664
B61065140,1665
B61067484,1666
B61076519,1667
B61078697,1668
B61086237,1669
B61093605,1670
B61096749,1671
B61100491,1672
B61103123,1673
B61107520,1674
B61110185,1675
B61121117,1676
B61128468,1677
B61138913,1678
B61141842,1679
B61165668,1680
B61171260,1681
B61188561,1682
B61192340,1683
B61198289,1684
B61209102,1685
B61245478,1686
B61251732,1687
B61253316,1688
B61262952,1689
B61268751,1690
B61271284,1691
B61272027,1692
B61279477,1693
B61289286,1694
B61294476,1695
B61297248,1696
B61303749,1697
B61322830,1698
B61323986,1699
B61329744,1700
B61334579,1701
B61336806,1702
B61345823,1703
B61347951,1704
B61348256,1705
B61355376,1706
B61366241,1707
B61378675,1708
B61386355,1709
B61389037,1710
B61389045,1711
B61398582,1712
B61402830,1713
B61417424,1714
B61425450,1715
B61426771,1716
B61429916,1717
B61432902,1718
B61437463,1719
B61442075,1720
B61443214,1721
B61444451,1722
B61445201,1723
B61445292,1724
B61448197,1725
B61451084,1726
B61464053,1727
B61465837,1728
B61466538,1729
B61467809,1730
B61469094,1731
B61469805,1732
B61471272,1733
B61474219,1734
B61479028,1735
B61489266,1736
B61494316,1737
B61509139,1738
B61534350,1739
B61546446,1740
B61555645,1741
B61555785,1742
B61561122,1743
B61569851,1744
B61579546,1745
B61586913,1746
B61587531,1747
B61587614,1748
B61588448,1749
B61595559,1750
B61601027,1751
B61607784,1752
B61625794,1753
B61630679,1754
B61631248,1755
B61653036,1756
B61662839,1757
B61663480,1758
B61668976,1759
B61680443,1760
B61686861,1761
B61693271,1762
B61695565,1763
B61700738,1764
B61716833,1765
B61723664,1766
B61733325,1767
B61753729,1768
B61758777,1769
B61764197,1770
B61765194,1771
B61767000,1772
B61772448,1773
B61772950,1774
B61773974,1775
B61780409,1776
B61800413,1777
B61804886,1778
B61805222,1779
B61809265,1780
B61810420,1781
B61814778,1782
B61830964,1783
B61838215,1784
B61838348,1785
B61848586,1786
B61858916,1787
B61863361,1788
B61868758,1789
B61878138,1790
B61878211,1791
B61883088,1792
B61897195,1793
B61912242,1794
B61912689,1795
B61923041,1796
B61923959,1797
B61928859,1798
B61956124,1799
B61958617,1800
B61966214,1801
B61967808,1802
B61968012,1803
B61983045,1804
B61987228,1805
B61991238,1806
B62003538,1807
B62021159,1808
B62022983,1809
B62027370,1810
B62030564,1811
B62036272,1812
B62037619,1813
B62037924,1814
B62045075,1815
B62049515,1816
B62053103,1817
B62056239,1818
B62057567,1819
B62062484,1820
B62068556,1821
B62071535,1822
B62077557,1823
B62077615,1824
B62088257,1825
B62092556,1826
B62097993,1827
B62099601,1828
B62101605,1829
B62114152,1830
B62115779,1831
B62118914,1832
B62119342,1833
B62126727,1834
B62130422,1835
B62137435,1836
B62138649,1837
B62150073,1838
B62150677,1839
B62157946,1840
B62159579,1841
B62172663,1842
B62174784,1843
B62178694,1844
B62192752,1845
B62194253,1846
B62202098,1847
B62203096,1848
B62207246,1849
B62241724,1850
B62247184,1851
B62252697,1852
B62253984,1853
B62263611,1854
B62266069,1855
B62266986,1856
B62278593,1857
B62290010,1858
B62293923,1859
B62312186,1860
B62318498,1861
B62327184,1862
B62330493,1863
B62334065,1864
B62337704,1865
B62339999,1866
B62343108,1867
B62344502,1868
B62368980,1869
B62370341,1870
B62375787,1871
B62384847,1872
B62392972,1873
B62396536,1874
B62401864,1875
B62409941,1876
B62411434,1877
B62421029,1878
B62430491,1879
B62435649,1880
B62444906,1881
B62446075,1882
B62446356,1883
B62447271,1884
B62456900,1885
B62459599,1886
B62461637,1887
B62463773,1888
B62468681,1889
B62472329,1890
B62472394,1891
B62473145,1892
B62488002,1893
B62488960,1894
B62489299,1895
B62492368,1896
B62499256,1897
B62503057,1898
B62509609,1899
B62519756,1900
B62520911,1901
B62523014,1902
B62531264,1903
B62533468,1904
B62533906,1905
B62536115,1906
B62539408,1907
B62540810,1908
B62547450,1909
B62547500,1910
B62547773,1911
B62555982,1912
B62556576,1913
B62559802,1914
B62560974,1915
B62564091,1916
B62577895,1917
B62584644,1918
B62586565,1919
B62586862,1920
B62589015,1921
B62592696,1922
B62594023,1923
B62601273,1924
B62607668,1925
B62611512,1926
B62613559,1927
B62615158,1928
B62616891,1929
B62620422,1930
B62621271,1931
B62624564,1932
B62626080,1933
B62633979,1934
B62649439,1935
B62652052,1936
B62665781,1937
B62674247,1938
B62683388,1939
B62685011,1940
B62689872,1941
B62706890,1942
B62706908,1943
B62710991,1944
B62719653,1945
B62719919,1946
B62729124,1947
B62730841,1948
B62742457,1949
B62744297,1950
B62752407,1951
B62756762,1952
B62759378,1953
B62772157,1954
B62772892,1955
B62778402,1956
B62783147,1957
B62789094,1958
B62811815,1959
B62828785,1960
B62834296,1961
B62843321,1962
B62847520,1963
B62848361,1964
B62851068,1965
B62853155,1966
B62859236,1967
B62859491,1968
B62862008,1969
B62863188,1970
B62866801,1971
B62872122,1972
B62874003,1973
B62876313,1974
B62879887,1975
B62879929,1976
B62884853,1977
B62888482,1978
B62893144,1979
B62908439,1980
B62910906,1981
B62941752,1982
B62943295,1983
B62944418,1984
B62950654,1985
B62964507,1986
B62978002,1987
B62987631,1988
B62992540,1989
B62996277,1990
B62998091,1991
B63000202,1992
B63001341,1993
B63004253,1994
B63010904,1995
B63011266,1996
B63014393,1997
B63014583,1998
B63018717,1999
B63019822,2000
B63026587,2001
B63032445,2002
B63036552,2003
B63040315,2004
B63049290,2005
B63054647,2006
B63057046,2007
B63057988,2008
B63069983,2009
B63081921,2010
B63082820,2011
B63087159,2012
B63090070,2013
B63093132,2014
B63101182,2015
B63102701,2016
B63114763,2017
B63122501,2018
B63140826,2019
B63158125,2020
B63193080,2021
B63193379,2022
B63199582,2023
B63220883,2024
B63222095,2025
B63229579,2026
B63232094,2027
B63235337,2028
B63247324,2029
B63253454,2030
B63262968,2031
B63263347,2032
B63264923,2033
B63266738,2034
B63278618,2035
B63286876,2036
B63299994,2037
B63304323,2038
B63310072,2039
B63311500,2040
B63315535,2041
B63323232,2042
B63335137,2043
B63339220,2044
B63340335,2045
B63345557,2046
B63346795,2047
B63352215,2048
B63355085,2049
B63355259,2050
B63363360,2051
B63363717,2052
B63364814,2053
B63364830,2054
B63366421,2055
B63374367,2056
B63376057,2057
B63377436,2058
B63393110,2059
B63394597,2060
B63397095,2061
B63397103,2062
B63398630,2063
B63399489,2064
B63405849,2065
B63406326,2066
B63406573,2067
B63407100,2068
B63409460,2069
B63416812,2070
B63420418,2071
B63425383,2072
B63432173,2073
B63433312,2074
B63434179,2075
B63437248,2076
B63449979,2077
B63461719,2078
B63462717,2079
B63463046,2080
B63468342,2081
B63468979,2082
B63470223,2083
B63478572,2084
B63486690,2085
B63492045,2086
B63496186,2087
B63498505,2088
B63499560,2089
B63500425,2090
B63515332,2091
B63529119,2092
B63538995,2093
B63539795,2094
B63543565,2095
B63544258,2096
B63551469,2097
B63553176,2098
B63555767,2099
B63556179,2100
B63559868,2101
B63565725,2102
B63565972,2103
B63565998,2104
B63576573,2105
B63584494,2106
B63594725,2107
B63600712,2108
B63601066,2109
B63610448,2110
B63612790,2111
B63622690,2112
B63623003,2113
B63632145,2114
B63633283,2115
B63634935,2116
B63636831,2117
B63645139,2118
B63651723,2119
B63651871,2120
B63653471,2121
B63655328,2122
B63659213,2123
B63665566,2124
B63668487,2125
B63669659,2126
B63671846,2127
B63673669,2128
B63683742,2129
B63684906,2130
B63686752,2131
B63686786,2132
B63687206,2133
B63688980,2134
B63696199,2135
B63696843,2136
B63696850,2137
B63697577,2138
B63698658,2139
B63699862,2140
B63700264,2141
B63700298,2142
B63709034,2143
B63710065,2144
B63718316,2145
B63719439,2146
B63722565,2147
B63724728,2148
B63735625,2149
B63737365,2150
B63737449,2151
B63744882,2152
B63746838,2153
B63749618,2154
B63749667,2155
B63751671,2156
B63753974,2157
B63754113,2158
B63762256,2159
B63771224,2160
B63771521,2161
B63775654,2162
B63776397,2163
B63778203,2164
B63778229,2165
B63781371,2166
B63786594,2167
B63786776,2168
B63807432,2169
B63807531,2170
B63811095,2171
B63818587,2172
B63818744,2173
B63820857,2174
B63835839,2175
B63844252,2176
B63854509,2177
B63856561,2178
B63858179,2179
B63858799,2180
B63859664,2181
B63863997,2182
B63868962,2183
B63874176,2184
B63889406,2185
B63890727,2186
B63896013,2187
B63897979,2188
B63907422,2189
B63920821,2190
B63922702,2191
B63926257,2192
B63927370,2193
B63930937,2194
B63932784,2195
B63936447,2196
B63955074,2197
B63955280,2198
B63965834,2199
B63975429,2200
B63975759,2201
B63978829,2202
B63988158,2203
B63990337,2204
B63998835,2205
B63999536,2206
B64002322,2207
B64003916,2208
B64005176,2209
B64006042,2210
B64006463,2211
B64007636,2212
B64018195,2213
B64020241,2214
B64024045,2215
B64031362,2216
B64033418,2217
B64039522,2218
B64040694,2219
B64042849,2220
B64044688,2221
B64068919,2222
B64076359,2223
B64077928,2224
B64082258,2225
B64089881,2226
B64092646,2227
B64094253,2228
B64096811,2229
B64104961,2230
B64115512,2231
B64118631,2232
B64124654,2233
B64124951,2234
B64126873,2235
B64140833,2236
B64143852,2237
B64154016,2238
B64162936,2239
B64165657,2240
B64169618,2241
B64174022,2242
B64180961,2243
B64183049,2244
B64194129,2245
B64200629,2246
B64201056,2247
B64203763,2248
B64207129,2249
B64208382,2250
B64220072,2251
B64223001,2252
B64226038,2253
B64228190,2254
B64228695,2255
B64240666,2256
B64257991,2257
B64260078,2258
B64266331,2259
B64268766,2260
B64274269,2261
B64278799,2262
B64285588,2263
B64290406,2264
B64294655,2265
B64303589,2266
B64320245,2267
B64328594,2268
B64331051,2269
B64331655,2270
B64339005,2271
B6433905B,2272
B64342819,2273
B64342918,2274
B64377179,2275
B64394596,2276
B64405251,2277
B64407216,2278
B64408453,2279
B64416217,2280
B64419310,2281
B64423593,2282
B64427446,2283
B64443153,2284
B64454283,2285
B64456502,2286
B64466634,2287
B64502867,2288
B64506553,2289
B64508005,2290
B64521081,2291
B64525256,2292
B64533219,2293
B64535545,2294
B64541675,2295
B64545486,2296
B64548274,2297
B64564081,2298
B64570195,2299
B64592223,2300
B64593924,2301
B64598394,2302
B64608342,2303
B64614951,2304
B64617830,2305
B64632607,2306
B64660293,2307
B64677107,2308
B64677578,2309
B64697220,2310
B64733199,2311
B64736432,2312
B64753031,2313
B64757636,2314
B64767122,2315
B64771165,2316
B64773898,2317
B64775596,2318
B64775646,2319
B64789738,2320
B64791818,2321
B64794480,2322
B64796881,2323
B64809031,2324
B64817851,2325
B64850415,2326
B64850639,2327
B64863616,2328
B64867781,2329
B64874530,2330
B64876808,2331
B64892888,2332
B64916596,2333
B64918758,2334
B64919475,2335
B64923121,2336
B64938541,2337
B64946171,2338
B64948045,2339
B64975923,2340
B64977101,2341
B64977655,2342
B64982598,2343
B64992845,2344
B64998669,2345
B64999600,2346
B65004814,2347
B65008070,2348
B65009250,2349
B65021883,2350
B65035420,2351
B65041022,2352
B65065245,2353
B65075434,2354
B65087363,2355
B65098535,2356
B65100851,2357
B65112443,2358
B65124554,2359
B65126930,2360
B65142515,2361
B65148108,2362
B65149379,2363
B65167405,2364
B65172843,2365
B65187718,2366
B65191173,2367
B65216228,2368
B65217200,2369
B65218943,2370
B65219487,2371
B65220493,2372
B65237968,2373
B65250003,2374
B65259731,2375
B65271934,2376
B65280299,2377
B65300881,2378
B65308181,2379
B65337461,2380
B65342586,2381
B65344806,2382
B65349458,2383
B65374803,2384
B65385908,2385
B65395949,2386
B65396418,2387
B65418618,2388
B65440851,2389
B65443830,2390
B65448755,2391
B65453805,2392
B65456006,2393
B65473860,2394
B65483331,2395
B65485567,2396
B65503682,2397
B65504086,2398
B65504169,2399
B65518334,2400
B65528101,2401
B65528606,2402
B65530008,2403
B65533770,2404
B65538969,2405
B65547689,2406
B65549875,2407
B65563843,2408
B65579146,2409
B65579997,2410
B65582314,2411
B65584930,2412
B65595332,2413
B65613432,2414
B65614489,2415
B65619967,2416
B65631871,2417
B65645103,2418
B65658148,2419
B65666588,2420
B65666968,2421
B65671109,2422
B65689101,2423
B65689937,2424
B65698664,2425
B65699852,2426
B65709685,2427
B65715435,2428
B65722456,2429
B65728099,2430
B65734212,2431
B65739989,2432
B65751083,2433
B65763880,2434
B65790107,2435
B65798761,2436
B65816175,2437
B65828014,2438
B65837692,2439
B65846586,2440
B65847238,2441
B65849804,2442
B65850943,2443
B65855685,2444
B65860876,2445
B65861049,2446
B65869976,2447
B65874703,2448
B65880031,2449
B65880924,2450
B65882904,2451
B65883670,2452
B65889123,2453
B65890972,2454
B65898132,2455
B65903486,2456
B65911281,2457
B65912222,2458
B65916371,2459
B65923013,2460
B65926941,2461
B65926974,2462
B65946170,2463
B65950461,2464
B65985624,2465
B65985988,2466
B65989667,2467
B65991291,2468
B66009432,2469
B66011750,2470
B66015249,2471
B66015827,2472
B66021163,2473
B66028473,2474
B66029984,2475
B66036104,2476
B66040528,2477
B66043779,2478
B66044595,2479
B66045220,2480
B66046186,2481
B66048398,2482
B66052168,2483
B66057084,2484
B66060583,2485
B66062621,2486
B66067158,2487
B66071309,2488
B66077272,2489
B66077512,2490
B66079690,2491
B66094285,2492
B66097478,2493
B66103169,2494
B66103748,2495
B66104449,2496
B66110230,2497
B66118548,2498
B66128463,2499
B66132739,2500
B66132838,2501
B66136334,2502
B66144270,2503
B66154485,2504
B66157090,2505
B66159898,2506
B66163502,2507
B66169103,2508
B66171448,2509
B66191677,2510
B66200742,2511
B66202748,2512
B66203282,2513
B66214693,2514
B66215237,2515
B66225889,2516
B66228768,2517
B66230558,2518
B66246976,2519
B66252610,2520
B66253592,2521
B66258997,2522
B66272774,2523
B66275629,2524
B66281759,2525
B66289455,2526
B66295858,2527
B66297623,2528
B66308727,2529
B66308982,2530
B66310061,2531
B66318080,2532
B66319211,2533
B66321043,2534
B66322785,2535
B66334285,2536
B66335431,2537
B66339102,2538
B66350471,2539
B66358045,2540
B66365792,2541
B66366394,2542
B66369026,2543
B66369208,2544
B66370313,2545
B66390014,2546
B66393364,2547
B66401019,2548
B66403809,2549
B66404062,2550
B66407495,2551
B66420787,2552
B66425711,2553
B66428012,2554
B66429234,2555
B66430976,2556
B66432758,2557
B66461237,2558
B66461716,2559
B66462516,2560
B66463688,2561
B66471525,2562
B66481516,2563
B66490343,2564
B66497819,2565
B66507245,2566
B66507252,2567
B66510355,2568
B66515065,2569
B66531831,2570
B66533977,2571
B66540873,2572
B66542069,2573
B66546649,2574
B66555368,2575
B66555954,2576
B66557059,2577
B66564626,2578
B66567256,2579
B66571811,2580
B66584616,2581
B66585514,2582
B66590688,2583
B66592445,2584
B66598012,2585
B66604984,2586
B66612151,2587
B66612482,2588
B66616335,2589
B66616541,2590
B66618240,2591
B66623646,2592
B66628363,2593
B66628751,2594
B66629825,2595
B66634023,2596
B66639006,2597
B66642869,2598
B66643891,2599
B66652371,2600
B66652389,2601
B66652397,2602
B66658154,2603
B66659400,2604
B66668120,2605
B66670480,2606
B66675802,2607
B66678640,2608
B66681578,2609
B66681594,2610
B66681628,2611
B66687799,2612
B66695446,2613
B66704800,2614
B66706060,2615
B66708660,2616
B66711367,2617
B66715111,2618
B66717273,2619
B66718149,2620
B66719618,2621
B66725318,2622
B66730573,2623
B66735531,2624
B66755802,2625
B66756198,2626
B66761917,2627
B66767633,2628
B66771965,2629
B66775719,2630
B66779596,2631
B66781105,2632
B66786674,2633
B66788613,2634
B66792029,2635
B66792383,2636
B66792490,2637
B66799909,2638
B66814526,2639
B66814880,2640
B66820994,2641
B66826405,2642
B66836834,2643
B66837394,2644
B66839341,2645
B66849811,2646
B66860529,2647
B66863481,2648
B66865262,2649
B66865338,2650
B66870387,2651
B66870916,2652
B66872284,2653
B66875584,2654
B66876475,2655
B66879040,2656
B66880238,2657
B66883992,2658
B66886094,2659
B66888736,2660
B66890740,2661
B66893686,2662
B66903576,2663
B66907643,2664
B66908013,2665
B66910100,2666
B66913757,2667
B66913922,2668
B66926197,2669
B66939943,2670
B66940750,2671
B66950478,2672
B66951443,2673
B66952037,2674
B66958463,2675
B66961855,2676
B66961905,2677
B66964594,2678
B66965427,2679
B66971409,2680
B66973066,2681
B66973801,2682
B66982059,2683
B66984188,2684
B66989781,2685
B66992025,2686
B66992942,2687
B66996265,2688
B67006718,2689
B67009258,2690
B67011056,2691
B67012385,2692
B67021139,2693
B67022996,2694
B67024257,2695
B67027946,2696
B67046862,2697
B67059493,2698
B67062380,2699
B67064782,2700
B67068049,2701
B67068999,2702
B67078048,2703
B67083980,2704
B67084608,2705
B67108282,2706
B67124826,2707
B67125211,2708
B67125229,2709
B67125286,2710
B67127332,2711
B67127969,2712
B67128520,2713
B67135087,2714
B67141309,2715
B67148163,2716
B67154328,2717
B67160143,2718
B67160697,2719
B67170431,2720
B67184739,2721
B67185280,2722
B67196014,2723
B67199984,2724
B67204313,2725
B67212712,2726
B67213207,2727
B67213736,2728
B67219931,2729
B67220962,2730
B67228775,2731
B67230839,2732
B67234468,2733
B67236331,2734
B67240622,2735
B67242370,2736
B67243691,2737
B67251256,2738
B67252619,2739
B67260133,2740
B67260661,2741
B67261479,2742
B67264580,2743
B67265603,2744
B67267682,2745
B67279166,2746
B67279422,2747
B67281832,2748
B67292433,2749
B67292581,2750
B67294801,2751
B67310342,2752
B67315234,2753
B67324871,2754
B67325142,2755
B67338558,2756
B67356352,2757
B67360735,2758
B67363507,2759
B67374751,2760
B67375170,2761
B67380576,2762
B67383679,2763
B67386748,2764
B67390153,2765
B67402867,2766
B67420125,2767
B67423004,2768
B67425397,2769
B67427195,2770
B67440131,2771
B67445452,2772
B67447862,2773
B67453092,2774
B67458562,2775
B67467589,2776
B67475079,2777
B67480095,2778
B67482562,2779
B67485334,2780
B67486522,2781
B67492553,2782
B67492843,2783
B67496042,2784
B67515544,2785
B67518936,2786
B67527598,2787
B67532523,2788
B67532549,2789
B67541169,2790
B67557728,2791
B67558106,2792
B67558627,2793
B67585976,2794
B67588616,2795
B67595389,2796
B67606244,2797
B67615138,2798
B67622233,2799
B67671446,2800
B67819524,2801
B67829762,2802
B67863860,2803
B67910471,2804
B67969410,2805
B70212683,2806
B70643481,2807
B70808175,2808
B70894571,2809
B70924568,2810
B72422470,2811
B72611742,2812
B72634827,2813
B72647084,2814
B72785512,2815
B72803513,2816
B72890288,2817
B72911670,2818
B73296915,2819
B75407338,2820
B75581298,2821
B75776534,2822
B75973461,2823
B78854635,2824
B79265351,2825
B82087750,2826
B82225319,2827
B83004366,2828
B83389585,2829
B83455832,2830
B83475418,2831
B83506675,2832
B83630913,2833
B83997882,2834
B84785492,2835
B85230860,2836
B85294866,2837
B85682581,2838
B86227832,2839
B86413911,2840
B86678174,2841
B86827219,2842
B87227450,2843
B87441267,2844
B87559696,2845
B87580353,2846
B88645460,2847
B88888888,2848
B91690749,2849
B92837632,2850
B93350213,2851
B94040615,2852
B94047107,2853
B95362158,2854
B97644314,2855
B97699169,2856
B97762702,2857
B97763197,2858
B97879894,2859
B98163389,2860
B98480189,2861
B98894579,2862
B99304008,2863
E01615186,2864
E01616259,2865
E04985412,2866
E06991673,2867
E09769969,2868
E09837774,2869
E10894244,2870
E12902201,2871
E13710405,2872
E16412728,2873
E16932998,2874
E19371582,2875
E26993923,2876
E42976159,2877
E43703966,2878
E44814762,2879
E44857126,2880
E55071617,2881
E55268056,2882
E55571707,2883
E56267024,2884
E58135054,2885
E58209859,2886
E58638149,2887
E58646126,2888
E58920919,2889
E58958752,2890
E60342623,2891
E60490398,2892
E60603131,2893
E60693116,2894
E60695533,2895
E60756491,2896
E61127593,2897
E61561247,2898
E62015979,2899
E62128087,2900
E62451059,2901
E62471982,2902
E62516109,2903
E62892989,2904
E63038962,2905
E63097018,2906
E63215644,2907
E63370399,2908
E63436935,2909
E63516033,2910
E63576797,2911
E63671242,2912
E63675995,2913
E63818520,2914
E63960447,2915
E63978621,2916
E64043078,2917
E64104987,2918
E64164833,2919
E64215163,2920
E64231947,2921
E64408917,2922
E64416316,2923
E64465297,2924
E64472665,2925
E64493257,2926
E64569312,2927
E64578610,2928
E64580681,2929
E64616113,2930
E64637085,2931
E64638356,2932
E64638943,2933
E64713480,2934
E64721699,2935
E64760762,2936
E64816317,2937
E64856149,2938
E64867153,2939
E64867179,2940
E64982119,2941
E64994643,2942
E65014805,2943
E65022071,2944
E65069692,2945
E65154825,2946
E65220402,2947
E65464794,2948
E65476228,2949
E65479859,2950
E65514507,2951
E65567521,2952
E65599383,2953
E65604167,2954
E65641201,2955
E65660789,2956
E65703357,2957
E65703928,2958
E65704330,2959
E65769598,2960
E65775538,2961
E65792871,2962
E65824955,2963
E65917932,2964
E65936155,2965
E65940991,2966
E65949448,2967
E65964793,2968
E65984023,2969
E65989170,2970
E66030354,2971
E66075789,2972
E66077942,2973
E66091794,2974
E66092537,2975
E66096918,2976
E66114521,2977
E66151077,2978
E66156217,2979
E66190372,2980
E66204348,2981
E66229055,2982
E66235664,2983
E66255530,2984
E66259938,2985
E66284845,2986
E66302563,2987
E66313602,2988
E66384868,2989
E66391269,2990
E66396425,2991
E66404898,2992
E66407982,2993
E66477050,2994
E66486465,2995
E66503905,2996
E66512005,2997
E66545302,2998
E66566217,2999
E66595489,3000
E66599879,3001
E66623232,3002
E66627035,3003
E66698986,3004
E66715335,3005
E66761347,3006
E66835117,3007
E66844796,3008
E66862970,3009
E66935644,3010
E66963281,3011
E66968603,3012
E66977307,3013
E67010009,3014
E67057588,3015
E67158980,3016
E67227918,3017
E67242677,3018
E67323048,3019
E67372805,3020
E67399295,3021
E67424184,3022
E67454355,3023
E67534362,3024
E67543918,3025
E67581082,3026
E67700534,3027
E67718163,3028
E70852462,3029
E83848291,3030
E99383069,3031
F61692059,3032
F62839022,3033
F67088161,3034
F67207704,3035
G08197774,3036
G08241036,3037
G08486268,3038
G08521304,3039
G08803629,3040
G51279363,3041
G58468125,3042
G58472358,3043
G58692500,3044
G58962234,3045
G59180141,3046
G62727292,3047
G63547228,3048
G63672257,3049
G63808646,3050
G63875959,3051
G64682586,3052
G66691775,3053
G79508701,3054
H59411785,3055
H59664862,3056
J60870508,3057
J62669239,3058
J63260921,3059
J63386833,3060
J63672257,3061
J64562168,3062
J65264301,3063
J65498982,3064
J66305806,3065
J66312471,3066
J66331075,3067
N0014306E,3068
N0014816C,3069
N0017190J,3070
N0017238G,3071
N0017774A,3072
N0027967I,3073
N0028400J,3074
N0056616F,3075
N0082556B,3076
N0087329I,3077
N0093983E,3078
N0099113C,3079
N0173486B,3080
N0173592G,3081
N0174633H,3082
N0235858H,3083
N0239115I,3084
N0258305B,3085
N0273127A,3086
N0302662B,3087
N0304337I,3088
N0324018A,3089
N0324265H,3090
N0393857H,3091
N0393975H,3092
N2503640A,3093
N2503777A,3094
N4007203E,3095
N4008289C,3096
N4423131D,3097
N4801253H,3098
N52416601,3099
N5311004E,3100
P50941199,3101
R0800007G,3102
R0800043B,3103
R7800982F,3104
Y7193127Y,3105
Z0900008Z,3106
Z0900454Z,3107
