categoria_oficial,fecha,anyo,mes,adr
1 and 2 gold stars and silver stars,2013-01-01,2013,1,51.36
1 and 2 gold stars and silver stars,2013-02-01,2013,2,55.4
1 and 2 gold stars and silver stars,2013-03-01,2013,3,56.31
1 and 2 gold stars and silver stars,2013-04-01,2013,4,64.22
1 and 2 gold stars and silver stars,2013-05-01,2013,5,69.69
1 and 2 gold stars and silver stars,2013-06-01,2013,6,67.98
1 and 2 gold stars and silver stars,2013-07-01,2013,7,66.17
1 and 2 gold stars and silver stars,2013-08-01,2013,8,65.54
1 and 2 gold stars and silver stars,2013-09-01,2013,9,70.91
1 and 2 gold stars and silver stars,2013-10-01,2013,10,68.13
1 and 2 gold stars and silver stars,2013-11-01,2013,11,54.91
1 and 2 gold stars and silver stars,2013-12-01,2013,12,52.46
1 and 2 gold stars and silver stars,2014-01-01,2014,1,51.94
1 and 2 gold stars and silver stars,2014-02-01,2014,2,63.42
1 and 2 gold stars and silver stars,2014-03-01,2014,3,59.25
1 and 2 gold stars and silver stars,2014-04-01,2014,4,68.18
1 and 2 gold stars and silver stars,2014-05-01,2014,5,70.53
1 and 2 gold stars and silver stars,2014-06-01,2014,6,69.34
1 and 2 gold stars and silver stars,2014-07-01,2014,7,68.92
1 and 2 gold stars and silver stars,2014-08-01,2014,8,72.27
1 and 2 gold stars and silver stars,2014-09-01,2014,9,70.18
1 and 2 gold stars and silver stars,2014-10-01,2014,10,68.41
1 and 2 gold stars and silver stars,2014-11-01,2014,11,56.95
1 and 2 gold stars and silver stars,2014-12-01,2014,12,57.28
1 and 2 gold stars and silver stars,2015-01-01,2015,1,49.17
1 and 2 gold stars and silver stars,2015-02-01,2015,2,50.77
1 and 2 gold stars and silver stars,2015-03-01,2015,3,81.28
1 and 2 gold stars and silver stars,2015-04-01,2015,4,73.76
1 and 2 gold stars and silver stars,2015-05-01,2015,5,77.08
1 and 2 gold stars and silver stars,2015-06-01,2015,6,75.86
1 and 2 gold stars and silver stars,2015-07-01,2015,7,77.37
1 and 2 gold stars and silver stars,2015-08-01,2015,8,81.03
1 and 2 gold stars and silver stars,2015-09-01,2015,9,80.2
1 and 2 gold stars and silver stars,2015-10-01,2015,10,77.03
1 and 2 gold stars and silver stars,2015-11-01,2015,11,59.51
1 and 2 gold stars and silver stars,2015-12-01,2015,12,57.11
1 and 2 gold stars and silver stars,2016-01-01,2016,1,52.57
1 and 2 gold stars and silver stars,2016-02-01,2016,2,72.27
1 and 2 gold stars and silver stars,2016-03-01,2016,3,62.19
1 and 2 gold stars and silver stars,2016-04-01,2016,4,76.68
1 and 2 gold stars and silver stars,2016-05-01,2016,5,78.79
1 and 2 gold stars and silver stars,2016-06-01,2016,6,79.67
1 and 2 gold stars and silver stars,2016-07-01,2016,7,80.99
1 and 2 gold stars and silver stars,2016-08-01,2016,8,82.15
1 and 2 gold stars and silver stars,2016-09-01,2016,9,80.63
1 and 2 gold stars and silver stars,2016-10-01,2016,10,84.32
1 and 2 gold stars and silver stars,2016-11-01,2016,11,57.97
1 and 2 gold stars and silver stars,2016-12-01,2016,12,56.67
1 and 2 gold stars and silver stars,2017-01-01,2017,1,52.94
1 and 2 gold stars and silver stars,2017-02-01,2017,2,71.18
1 and 2 gold stars and silver stars,2017-03-01,2017,3,65.44
1 and 2 gold stars and silver stars,2017-04-01,2017,4,78.47
1 and 2 gold stars and silver stars,2017-05-01,2017,5,90.94
1 and 2 gold stars and silver stars,2017-06-01,2017,6,91.02
1 and 2 gold stars and silver stars,2017-07-01,2017,7,92.77
1 and 2 gold stars and silver stars,2017-08-01,2017,8,91.38
1 and 2 gold stars and silver stars,2017-09-01,2017,9,87.91
1 and 2 gold stars and silver stars,2017-10-01,2017,10,79.46
1 and 2 gold stars and silver stars,2017-11-01,2017,11,59.91
1 and 2 gold stars and silver stars,2017-12-01,2017,12,54.71
1 and 2 gold stars and silver stars,2018-01-01,2018,1,51.97
1 and 2 gold stars and silver stars,2018-03-01,2018,3,68.07
1 and 2 gold stars and silver stars,2018-04-01,2018,4,80.99
1 and 2 gold stars and silver stars,2018-05-01,2018,5,85.61
1 and 2 gold stars and silver stars,2018-06-01,2018,6,89.86
1 and 2 gold stars and silver stars,2018-07-01,2018,7,90.75
1 and 2 gold stars and silver stars,2018-08-01,2018,8,87.69
1 and 2 gold stars and silver stars,2018-09-01,2018,9,92.03
1 and 2 gold stars and silver stars,2018-10-01,2018,10,84.93
1 and 2 gold stars and silver stars,2018-11-01,2018,11,70.01
1 and 2 gold stars and silver stars,2018-12-01,2018,12,68.3
1 and 2 gold stars and silver stars,2019-01-01,2019,1,61.6
1 and 2 gold stars and silver stars,2019-02-01,2019,2,89.78
1 and 2 gold stars and silver stars,2019-03-01,2019,3,73.53
1 and 2 gold stars and silver stars,2019-04-01,2019,4,83.88
1 and 2 gold stars and silver stars,2019-05-01,2019,5,95.01
1 and 2 gold stars and silver stars,2019-06-01,2019,6,96.2
1 and 2 gold stars and silver stars,2019-07-01,2019,7,94.34
1 and 2 gold stars and silver stars,2019-08-01,2019,8,89.72
1 and 2 gold stars and silver stars,2019-09-01,2019,9,98.6
1 and 2 gold stars and silver stars,2019-10-01,2019,10,91.08
1 and 2 gold stars and silver stars,2019-11-01,2019,11,73.6
1 and 2 gold stars and silver stars,2019-12-01,2019,12,69.4
1 and 2 gold stars and silver stars,2020-01-01,2020,1,65.28
1 and 2 gold stars and silver stars,2020-02-01,2020,2,73.61
1 and 2 gold stars and silver stars,2020-03-01,2020,3,73.98
1 and 2 gold stars and silver stars,2020-07-01,2020,7,57.43
1 and 2 gold stars and silver stars,2020-08-01,2020,8,51.27
1 and 2 gold stars and silver stars,2020-09-01,2020,9,54.68
1 and 2 gold stars and silver stars,2020-10-01,2020,10,47.87
1 and 2 gold stars and silver stars,2020-11-01,2020,11,49.61
1 and 2 gold stars and silver stars,2020-12-01,2020,12,47.5
1 and 2 gold stars and silver stars,2021-01-01,2021,1,34.84
1 and 2 gold stars and silver stars,2021-02-01,2021,2,37.85
1 and 2 gold stars and silver stars,2021-03-01,2021,3,38.9
1 and 2 gold stars and silver stars,2021-04-01,2021,4,36.42
1 and 2 gold stars and silver stars,2021-05-01,2021,5,44.19
1 and 2 gold stars and silver stars,2021-06-01,2021,6,49.98
1 and 2 gold stars and silver stars,2021-07-01,2021,7,59.05
1 and 2 gold stars and silver stars,2021-08-01,2021,8,62.64
1 and 2 gold stars and silver stars,2021-09-01,2021,9,62.46
1 and 2 gold stars and silver stars,2021-10-01,2021,10,65.93
1 and 2 gold stars and silver stars,2021-11-01,2021,11,54.4
1 and 2 gold stars and silver stars,2021-12-01,2021,12,61.44
1 and 2 gold stars and silver stars,2022-01-01,2022,1,49.62
1 and 2 gold stars and silver stars,2022-02-01,2022,2,61.15
1 and 2 gold stars and silver stars,2022-03-01,2022,3,68.58
1 and 2 gold stars and silver stars,2022-04-01,2022,4,92.21
1 and 2 gold stars and silver stars,2022-05-01,2022,5,96.84
1 and 2 gold stars and silver stars,2022-06-01,2022,6,118.29
1 and 2 gold stars and silver stars,2022-07-01,2022,7,107.34
1 and 2 gold stars and silver stars,2022-08-01,2022,8,111.39
1 and 2 gold stars and silver stars,2022-09-01,2022,9,113.53
1 and 2 gold stars and silver stars,2022-10-01,2022,10,105.28
1 and 2 gold stars and silver stars,2022-11-01,2022,11,76.82
1 and 2 gold stars and silver stars,2022-12-01,2022,12,68.0
1 and 2 gold stars and silver stars,2023-01-01,2023,1,70.36
1 and 2 gold stars and silver stars,2023-02-01,2023,2,95.09
1 and 2 gold stars and silver stars,2023-03-01,2023,3,99.72
1 and 2 gold stars and silver stars,2023-04-01,2023,4,127.01
1 and 2 gold stars and silver stars,2023-05-01,2023,5,129.14
1 and 2 gold stars and silver stars,2023-06-01,2023,6,136.03
1 and 2 gold stars and silver stars,2023-07-01,2023,7,120.82
1 and 2 gold stars and silver stars,2023-08-01,2023,8,117.5
1 and 2 gold stars and silver stars,2023-09-01,2023,9,127.14
1 and 2 gold stars and silver stars,2023-10-01,2023,10,130.14
1 and 2 gold stars and silver stars,2023-11-01,2023,11,98.01
1 and 2 gold stars and silver stars,2023-12-01,2023,12,83.18
1 and 2 gold stars and silver stars,2024-01-01,2024,1,82.06
1 and 2 gold stars and silver stars,2024-02-01,2024,2,96.46
1 and 2 gold stars and silver stars,2024-03-01,2024,3,104.59
1 and 2 gold stars and silver stars,2024-04-01,2024,4,128.84
1 and 2 gold stars and silver stars,2024-05-01,2024,5,140.36
1 and 2 gold stars and silver stars,2024-06-01,2024,6,141.97
1 and 2 gold stars and silver stars,2024-07-01,2024,7,127.46
1 and 2 gold stars and silver stars,2024-08-01,2024,8,124.38
1 and 2 gold stars and silver stars,2024-09-01,2024,9,149.48
1 and 2 gold stars and silver stars,2024-10-01,2024,10,136.99
1 and 2 gold stars and silver stars,2024-11-01,2024,11,111.14
1 and 2 gold stars and silver stars,2024-12-01,2024,12,88.06
1 and 2 gold stars and silver stars,2025-01-01,2025,1,84.37
1 and 2 gold stars and silver stars,2025-02-01,2025,2,104.15
1 and 2 gold stars and silver stars,2025-03-01,2025,3,144.72
1 and 2 gold stars and silver stars,2025-04-01,2025,4,130.65
1 and 2 gold stars and silver stars,2025-05-01,2025,5,153.61
1 and 2 gold stars and silver stars,2025-06-01,2025,6,150.84
1 and 2 gold stars and silver stars,2025-07-01,2025,7,128.11
1 and 2 gold stars and silver stars,2025-08-01,2025,8,129.56
1 and 2 gold stars and silver stars,2025-09-01,2025,9,140.59
1 and 2 gold stars and silver stars,2025-10-01,2025,10,145.14
1 and 2 gold stars and silver stars,2025-11-01,2025,11,110.62
1 and 2 gold stars and silver stars,2025-12-01,2025,12,88.08
1 and 2 gold stars and silver stars,2026-01-01,2026,1,83.33
1 and 2 gold stars and silver stars,2026-02-01,2026,2,98.76
1 and 2 gold stars and silver stars,2026-03-01,2026,3,132.21
1 and 2 gold stars and silver stars,2026-04-01,2026,4,140.37
1 and 2 gold stars and silver stars,2026-05-01,2026,5,149.5
1 and 2 gold stars and silver stars,2026-06-01,2026,6,137.99
1 and 2 gold stars and silver stars,2026-07-01,2026,7,132.62
3 gold stars,2013-01-01,2013,1,64.09
3 gold stars,2013-02-01,2013,2,90.43
3 gold stars,2013-03-01,2013,3,76.96
3 gold stars,2013-04-01,2013,4,86.2
3 gold stars,2013-05-01,2013,5,95.49
3 gold stars,2013-06-01,2013,6,91.79
3 gold stars,2013-07-01,2013,7,87.62
3 gold stars,2013-08-01,2013,8,88.47
3 gold stars,2013-09-01,2013,9,103.44
3 gold stars,2013-10-01,2013,10,95.68
3 gold stars,2013-11-01,2013,11,77.3
3 gold stars,2013-12-01,2013,12,73.63
3 gold stars,2014-01-01,2014,1,66.42
3 gold stars,2014-02-01,2014,2,85.54
3 gold stars,2014-03-01,2014,3,73.19
3 gold stars,2014-04-01,2014,4,83.97
3 gold stars,2014-05-01,2014,5,91.3
3 gold stars,2014-06-01,2014,6,87.5
3 gold stars,2014-07-01,2014,7,85.31
3 gold stars,2014-08-01,2014,8,89.59
3 gold stars,2014-09-01,2014,9,95.79
3 gold stars,2014-10-01,2014,10,93.0
3 gold stars,2014-11-01,2014,11,70.5
3 gold stars,2014-12-01,2014,12,67.4
3 gold stars,2015-01-01,2015,1,63.62
3 gold stars,2015-02-01,2015,2,66.08
3 gold stars,2015-03-01,2015,3,90.67
3 gold stars,2015-04-01,2015,4,85.75
3 gold stars,2015-05-01,2015,5,96.45
3 gold stars,2015-06-01,2015,6,95.38
3 gold stars,2015-07-01,2015,7,93.31
3 gold stars,2015-08-01,2015,8,96.18
3 gold stars,2015-09-01,2015,9,102.0
3 gold stars,2015-10-01,2015,10,98.25
3 gold stars,2015-11-01,2015,11,76.84
3 gold stars,2015-12-01,2015,12,71.71
3 gold stars,2016-01-01,2016,1,63.74
3 gold stars,2016-02-01,2016,2,91.83
3 gold stars,2016-03-01,2016,3,73.76
3 gold stars,2016-04-01,2016,4,86.93
3 gold stars,2016-05-01,2016,5,95.11
3 gold stars,2016-06-01,2016,6,93.15
3 gold stars,2016-07-01,2016,7,92.32
3 gold stars,2016-08-01,2016,8,94.61
3 gold stars,2016-09-01,2016,9,100.09
3 gold stars,2016-10-01,2016,10,105.47
3 gold stars,2016-11-01,2016,11,75.2
3 gold stars,2016-12-01,2016,12,70.93
3 gold stars,2017-01-01,2017,1,69.14
3 gold stars,2017-02-01,2017,2,82.26
3 gold stars,2017-03-01,2017,3,88.57
3 gold stars,2017-04-01,2017,4,107.69
3 gold stars,2017-05-01,2017,5,120.89
3 gold stars,2017-06-01,2017,6,116.89
3 gold stars,2017-07-01,2017,7,118.12
3 gold stars,2017-08-01,2017,8,123.99
3 gold stars,2017-09-01,2017,9,120.33
3 gold stars,2017-10-01,2017,10,109.27
3 gold stars,2017-11-01,2017,11,77.14
3 gold stars,2017-12-01,2017,12,71.51
3 gold stars,2018-01-01,2018,1,66.88
3 gold stars,2018-03-01,2018,3,83.45
3 gold stars,2018-04-01,2018,4,104.82
3 gold stars,2018-05-01,2018,5,110.06
3 gold stars,2018-06-01,2018,6,111.77
3 gold stars,2018-07-01,2018,7,110.33
3 gold stars,2018-08-01,2018,8,107.42
3 gold stars,2018-09-01,2018,9,114.19
3 gold stars,2018-10-01,2018,10,112.28
3 gold stars,2018-11-01,2018,11,83.71
3 gold stars,2018-12-01,2018,12,75.14
3 gold stars,2019-01-01,2019,1,71.26
3 gold stars,2019-02-01,2019,2,102.63
3 gold stars,2019-03-01,2019,3,91.49
3 gold stars,2019-04-01,2019,4,112.49
3 gold stars,2019-05-01,2019,5,117.38
3 gold stars,2019-06-01,2019,6,128.86
3 gold stars,2019-07-01,2019,7,118.35
3 gold stars,2019-08-01,2019,8,115.02
3 gold stars,2019-09-01,2019,9,132.77
3 gold stars,2019-10-01,2019,10,122.02
3 gold stars,2019-11-01,2019,11,88.95
3 gold stars,2019-12-01,2019,12,77.98
3 gold stars,2020-01-01,2020,1,72.07
3 gold stars,2020-02-01,2020,2,81.76
3 gold stars,2020-03-01,2020,3,70.05
3 gold stars,2020-07-01,2020,7,75.66
3 gold stars,2020-08-01,2020,8,65.98
3 gold stars,2020-09-01,2020,9,57.16
3 gold stars,2020-10-01,2020,10,63.04
3 gold stars,2020-11-01,2020,11,49.43
3 gold stars,2020-12-01,2020,12,57.1
3 gold stars,2021-01-01,2021,1,55.82
3 gold stars,2021-02-01,2021,2,53.03
3 gold stars,2021-03-01,2021,3,54.75
3 gold stars,2021-04-01,2021,4,56.36
3 gold stars,2021-05-01,2021,5,65.08
3 gold stars,2021-06-01,2021,6,68.94
3 gold stars,2021-07-01,2021,7,74.24
3 gold stars,2021-08-01,2021,8,78.37
3 gold stars,2021-09-01,2021,9,77.09
3 gold stars,2021-10-01,2021,10,77.93
3 gold stars,2021-11-01,2021,11,70.83
3 gold stars,2021-12-01,2021,12,69.34
3 gold stars,2022-01-01,2022,1,62.12
3 gold stars,2022-02-01,2022,2,71.63
3 gold stars,2022-03-01,2022,3,82.29
3 gold stars,2022-04-01,2022,4,110.69
3 gold stars,2022-05-01,2022,5,120.28
3 gold stars,2022-06-01,2022,6,130.48
3 gold stars,2022-07-01,2022,7,124.54
3 gold stars,2022-08-01,2022,8,132.38
3 gold stars,2022-09-01,2022,9,127.35
3 gold stars,2022-10-01,2022,10,123.1
3 gold stars,2022-11-01,2022,11,97.19
3 gold stars,2022-12-01,2022,12,85.24
3 gold stars,2023-01-01,2023,1,85.45
3 gold stars,2023-02-01,2023,2,106.57
3 gold stars,2023-03-01,2023,3,108.1
3 gold stars,2023-04-01,2023,4,140.11
3 gold stars,2023-05-01,2023,5,142.17
3 gold stars,2023-06-01,2023,6,145.47
3 gold stars,2023-07-01,2023,7,137.01
3 gold stars,2023-08-01,2023,8,132.73
3 gold stars,2023-09-01,2023,9,140.23
3 gold stars,2023-10-01,2023,10,156.79
3 gold stars,2023-11-01,2023,11,112.51
3 gold stars,2023-12-01,2023,12,103.38
3 gold stars,2024-01-01,2024,1,103.54
3 gold stars,2024-02-01,2024,2,115.47
3 gold stars,2024-03-01,2024,3,118.64
3 gold stars,2024-04-01,2024,4,149.46
3 gold stars,2024-05-01,2024,5,155.42
3 gold stars,2024-06-01,2024,6,162.92
3 gold stars,2024-07-01,2024,7,144.6
3 gold stars,2024-08-01,2024,8,139.92
3 gold stars,2024-09-01,2024,9,164.15
3 gold stars,2024-10-01,2024,10,150.34
3 gold stars,2024-11-01,2024,11,124.26
3 gold stars,2024-12-01,2024,12,104.28
3 gold stars,2025-01-01,2025,1,103.0
3 gold stars,2025-02-01,2025,2,117.26
3 gold stars,2025-03-01,2025,3,134.72
3 gold stars,2025-04-01,2025,4,146.65
3 gold stars,2025-05-01,2025,5,169.68
3 gold stars,2025-06-01,2025,6,168.94
3 gold stars,2025-07-01,2025,7,139.18
3 gold stars,2025-08-01,2025,8,132.9
3 gold stars,2025-09-01,2025,9,150.78
3 gold stars,2025-10-01,2025,10,151.73
3 gold stars,2025-11-01,2025,11,119.18
3 gold stars,2025-12-01,2025,12,104.98
3 gold stars,2026-01-01,2026,1,102.59
3 gold stars,2026-02-01,2026,2,134.09
3 gold stars,2026-03-01,2026,3,148.25
3 gold stars,2026-04-01,2026,4,168.55
3 gold stars,2026-05-01,2026,5,187.26
3 gold stars,2026-06-01,2026,6,176.14
3 gold stars,2026-07-01,2026,7,148.22
4 gold stars,2013-01-01,2013,1,91.7
4 gold stars,2013-02-01,2013,2,117.29
4 gold stars,2013-03-01,2013,3,99.52
4 gold stars,2013-04-01,2013,4,104.72
4 gold stars,2013-05-01,2013,5,113.49
4 gold stars,2013-06-01,2013,6,118.04
4 gold stars,2013-07-01,2013,7,110.57
4 gold stars,2013-08-01,2013,8,104.61
4 gold stars,2013-09-01,2013,9,127.16
4 gold stars,2013-10-01,2013,10,119.39
4 gold stars,2013-11-01,2013,11,101.36
4 gold stars,2013-12-01,2013,12,93.18
4 gold stars,2014-01-01,2014,1,89.09
4 gold stars,2014-02-01,2014,2,123.82
4 gold stars,2014-03-01,2014,3,98.87
4 gold stars,2014-04-01,2014,4,103.38
4 gold stars,2014-05-01,2014,5,116.86
4 gold stars,2014-06-01,2014,6,114.7
4 gold stars,2014-07-01,2014,7,110.9
4 gold stars,2014-08-01,2014,8,113.64
4 gold stars,2014-09-01,2014,9,120.6
4 gold stars,2014-10-01,2014,10,117.47
4 gold stars,2014-11-01,2014,11,101.55
4 gold stars,2014-12-01,2014,12,91.3
4 gold stars,2015-01-01,2015,1,89.96
4 gold stars,2015-02-01,2015,2,97.46
4 gold stars,2015-03-01,2015,3,128.74
4 gold stars,2015-04-01,2015,4,113.95
4 gold stars,2015-05-01,2015,5,121.85
4 gold stars,2015-06-01,2015,6,122.97
4 gold stars,2015-07-01,2015,7,118.24
4 gold stars,2015-08-01,2015,8,120.49
4 gold stars,2015-09-01,2015,9,127.54
4 gold stars,2015-10-01,2015,10,135.46
4 gold stars,2015-11-01,2015,11,109.4
4 gold stars,2015-12-01,2015,12,99.58
4 gold stars,2016-01-01,2016,1,98.22
4 gold stars,2016-02-01,2016,2,139.33
4 gold stars,2016-03-01,2016,3,110.51
4 gold stars,2016-04-01,2016,4,126.66
4 gold stars,2016-05-01,2016,5,131.49
4 gold stars,2016-06-01,2016,6,129.1
4 gold stars,2016-07-01,2016,7,126.27
4 gold stars,2016-08-01,2016,8,124.96
4 gold stars,2016-09-01,2016,9,135.18
4 gold stars,2016-10-01,2016,10,147.5
4 gold stars,2016-11-01,2016,11,111.26
4 gold stars,2016-12-01,2016,12,104.2
4 gold stars,2017-01-01,2017,1,94.7
4 gold stars,2017-02-01,2017,2,128.47
4 gold stars,2017-03-01,2017,3,114.46
4 gold stars,2017-04-01,2017,4,131.18
4 gold stars,2017-05-01,2017,5,148.3
4 gold stars,2017-06-01,2017,6,141.56
4 gold stars,2017-07-01,2017,7,140.58
4 gold stars,2017-08-01,2017,8,145.18
4 gold stars,2017-09-01,2017,9,144.29
4 gold stars,2017-10-01,2017,10,138.16
4 gold stars,2017-11-01,2017,11,109.52
4 gold stars,2017-12-01,2017,12,95.61
4 gold stars,2018-01-01,2018,1,94.02
4 gold stars,2018-03-01,2018,3,111.95
4 gold stars,2018-04-01,2018,4,123.84
4 gold stars,2018-05-01,2018,5,133.05
4 gold stars,2018-06-01,2018,6,141.73
4 gold stars,2018-07-01,2018,7,135.77
4 gold stars,2018-08-01,2018,8,127.58
4 gold stars,2018-09-01,2018,9,136.56
4 gold stars,2018-10-01,2018,10,137.86
4 gold stars,2018-11-01,2018,11,116.73
4 gold stars,2018-12-01,2018,12,100.93
4 gold stars,2019-01-01,2019,1,98.81
4 gold stars,2019-02-01,2019,2,136.24
4 gold stars,2019-03-01,2019,3,115.32
4 gold stars,2019-04-01,2019,4,130.04
4 gold stars,2019-05-01,2019,5,138.7
4 gold stars,2019-06-01,2019,6,151.5
4 gold stars,2019-07-01,2019,7,142.95
4 gold stars,2019-08-01,2019,8,130.28
4 gold stars,2019-09-01,2019,9,160.09
4 gold stars,2019-10-01,2019,10,144.8
4 gold stars,2019-11-01,2019,11,119.59
4 gold stars,2019-12-01,2019,12,102.22
4 gold stars,2020-01-01,2020,1,99.66
4 gold stars,2020-02-01,2020,2,120.39
4 gold stars,2020-03-01,2020,3,99.46
4 gold stars,2020-07-01,2020,7,89.88
4 gold stars,2020-08-01,2020,8,90.36
4 gold stars,2020-09-01,2020,9,73.48
4 gold stars,2020-10-01,2020,10,73.86
4 gold stars,2020-11-01,2020,11,69.84
4 gold stars,2020-12-01,2020,12,70.16
4 gold stars,2021-01-01,2021,1,72.69
4 gold stars,2021-02-01,2021,2,79.06
4 gold stars,2021-03-01,2021,3,74.65
4 gold stars,2021-04-01,2021,4,75.2
4 gold stars,2021-05-01,2021,5,80.05
4 gold stars,2021-06-01,2021,6,85.75
4 gold stars,2021-07-01,2021,7,96.44
4 gold stars,2021-08-01,2021,8,101.14
4 gold stars,2021-09-01,2021,9,96.79
4 gold stars,2021-10-01,2021,10,103.4
4 gold stars,2021-11-01,2021,11,94.9
4 gold stars,2021-12-01,2021,12,92.36
4 gold stars,2022-01-01,2022,1,82.71
4 gold stars,2022-02-01,2022,2,104.54
4 gold stars,2022-03-01,2022,3,111.4
4 gold stars,2022-04-01,2022,4,136.98
4 gold stars,2022-05-01,2022,5,156.19
4 gold stars,2022-06-01,2022,6,171.19
4 gold stars,2022-07-01,2022,7,159.3
4 gold stars,2022-08-01,2022,8,165.07
4 gold stars,2022-09-01,2022,9,166.82
4 gold stars,2022-10-01,2022,10,156.83
4 gold stars,2022-11-01,2022,11,129.85
4 gold stars,2022-12-01,2022,12,113.89
4 gold stars,2023-01-01,2023,1,108.1
4 gold stars,2023-02-01,2023,2,147.6
4 gold stars,2023-03-01,2023,3,138.99
4 gold stars,2023-04-01,2023,4,171.0
4 gold stars,2023-05-01,2023,5,178.98
4 gold stars,2023-06-01,2023,6,189.95
4 gold stars,2023-07-01,2023,7,173.59
4 gold stars,2023-08-01,2023,8,161.31
4 gold stars,2023-09-01,2023,9,179.01
4 gold stars,2023-10-01,2023,10,183.48
4 gold stars,2023-11-01,2023,11,145.28
4 gold stars,2023-12-01,2023,12,125.57
4 gold stars,2024-01-01,2024,1,119.95
4 gold stars,2024-02-01,2024,2,167.8
4 gold stars,2024-03-01,2024,3,148.51
4 gold stars,2024-04-01,2024,4,192.06
4 gold stars,2024-05-01,2024,5,194.35
4 gold stars,2024-06-01,2024,6,210.79
4 gold stars,2024-07-01,2024,7,179.87
4 gold stars,2024-08-01,2024,8,169.34
4 gold stars,2024-09-01,2024,9,208.18
4 gold stars,2024-10-01,2024,10,192.04
4 gold stars,2024-11-01,2024,11,158.25
4 gold stars,2024-12-01,2024,12,126.05
4 gold stars,2025-01-01,2025,1,129.14
4 gold stars,2025-02-01,2025,2,153.64
4 gold stars,2025-03-01,2025,3,169.31
4 gold stars,2025-04-01,2025,4,171.75
4 gold stars,2025-05-01,2025,5,250.64
4 gold stars,2025-06-01,2025,6,206.36
4 gold stars,2025-07-01,2025,7,173.89
4 gold stars,2025-08-01,2025,8,159.73
4 gold stars,2025-09-01,2025,9,194.64
4 gold stars,2025-10-01,2025,10,179.01
4 gold stars,2025-11-01,2025,11,151.53
4 gold stars,2025-12-01,2025,12,127.13
4 gold stars,2026-01-01,2026,1,136.74
4 gold stars,2026-02-01,2026,2,154.66
4 gold stars,2026-03-01,2026,3,179.57
4 gold stars,2026-04-01,2026,4,189.38
4 gold stars,2026-05-01,2026,5,219.48
4 gold stars,2026-06-01,2026,6,207.89
4 gold stars,2026-07-01,2026,7,177.21
5 gold stars,2013-01-01,2013,1,181.86
5 gold stars,2013-02-01,2013,2,193.29
5 gold stars,2013-03-01,2013,3,185.32
5 gold stars,2013-04-01,2013,4,204.93
5 gold stars,2013-05-01,2013,5,224.31
5 gold stars,2013-06-01,2013,6,237.75
5 gold stars,2013-07-01,2013,7,234.25
5 gold stars,2013-08-01,2013,8,221.45
5 gold stars,2013-09-01,2013,9,229.77
5 gold stars,2013-10-01,2013,10,219.51
5 gold stars,2013-11-01,2013,11,184.48
5 gold stars,2013-12-01,2013,12,188.92
5 gold stars,2014-01-01,2014,1,168.49
5 gold stars,2014-02-01,2014,2,205.05
5 gold stars,2014-03-01,2014,3,185.77
5 gold stars,2014-04-01,2014,4,205.59
5 gold stars,2014-05-01,2014,5,228.36
5 gold stars,2014-06-01,2014,6,242.03
5 gold stars,2014-07-01,2014,7,231.97
5 gold stars,2014-08-01,2014,8,246.29
5 gold stars,2014-09-01,2014,9,235.84
5 gold stars,2014-10-01,2014,10,229.36
5 gold stars,2014-11-01,2014,11,190.71
5 gold stars,2014-12-01,2014,12,189.21
5 gold stars,2015-01-01,2015,1,176.04
5 gold stars,2015-02-01,2015,2,180.8
5 gold stars,2015-03-01,2015,3,295.12
5 gold stars,2015-04-01,2015,4,229.16
5 gold stars,2015-05-01,2015,5,269.16
5 gold stars,2015-06-01,2015,6,261.26
5 gold stars,2015-07-01,2015,7,263.64
5 gold stars,2015-08-01,2015,8,277.38
5 gold stars,2015-09-01,2015,9,253.92
5 gold stars,2015-10-01,2015,10,261.62
5 gold stars,2015-11-01,2015,11,220.59
5 gold stars,2015-12-01,2015,12,202.76
5 gold stars,2016-01-01,2016,1,203.62
5 gold stars,2016-02-01,2016,2,251.85
5 gold stars,2016-03-01,2016,3,208.07
5 gold stars,2016-04-01,2016,4,245.97
5 gold stars,2016-05-01,2016,5,279.43
5 gold stars,2016-06-01,2016,6,289.3
5 gold stars,2016-07-01,2016,7,280.08
5 gold stars,2016-08-01,2016,8,282.7
5 gold stars,2016-09-01,2016,9,270.28
5 gold stars,2016-10-01,2016,10,276.16
5 gold stars,2016-11-01,2016,11,221.67
5 gold stars,2016-12-01,2016,12,229.8
5 gold stars,2017-01-01,2017,1,203.34
5 gold stars,2017-02-01,2017,2,219.6
5 gold stars,2017-03-01,2017,3,236.86
5 gold stars,2017-04-01,2017,4,267.18
5 gold stars,2017-05-01,2017,5,292.66
5 gold stars,2017-06-01,2017,6,301.9
5 gold stars,2017-07-01,2017,7,308.98
5 gold stars,2017-08-01,2017,8,307.36
5 gold stars,2017-09-01,2017,9,290.7
5 gold stars,2017-10-01,2017,10,282.36
5 gold stars,2017-11-01,2017,11,225.34
5 gold stars,2017-12-01,2017,12,205.2
5 gold stars,2018-01-01,2018,1,202.87
5 gold stars,2018-03-01,2018,3,238.58
5 gold stars,2018-04-01,2018,4,264.39
5 gold stars,2018-05-01,2018,5,273.86
5 gold stars,2018-06-01,2018,6,312.61
5 gold stars,2018-07-01,2018,7,297.17
5 gold stars,2018-08-01,2018,8,278.12
5 gold stars,2018-09-01,2018,9,264.94
5 gold stars,2018-10-01,2018,10,270.81
5 gold stars,2018-11-01,2018,11,237.96
5 gold stars,2018-12-01,2018,12,208.15
5 gold stars,2019-01-01,2019,1,204.33
5 gold stars,2019-02-01,2019,2,275.48
5 gold stars,2019-03-01,2019,3,228.82
5 gold stars,2019-04-01,2019,4,251.6
5 gold stars,2019-05-01,2019,5,285.09
5 gold stars,2019-06-01,2019,6,321.04
5 gold stars,2019-07-01,2019,7,310.52
5 gold stars,2019-08-01,2019,8,275.56
5 gold stars,2019-09-01,2019,9,322.67
5 gold stars,2019-10-01,2019,10,278.04
5 gold stars,2019-11-01,2019,11,212.61
5 gold stars,2019-12-01,2019,12,204.62
5 gold stars,2020-01-01,2020,1,187.04
5 gold stars,2020-02-01,2020,2,230.2
5 gold stars,2020-03-01,2020,3,197.75
5 gold stars,2020-07-01,2020,7,201.59
5 gold stars,2020-08-01,2020,8,174.22
5 gold stars,2020-09-01,2020,9,179.56
5 gold stars,2020-10-01,2020,10,182.03
5 gold stars,2020-11-01,2020,11,174.58
5 gold stars,2020-12-01,2020,12,170.09
5 gold stars,2021-01-01,2021,1,177.83
5 gold stars,2021-02-01,2021,2,184.23
5 gold stars,2021-03-01,2021,3,314.62
5 gold stars,2021-04-01,2021,4,201.17
5 gold stars,2021-05-01,2021,5,197.75
5 gold stars,2021-06-01,2021,6,223.92
5 gold stars,2021-07-01,2021,7,251.5
5 gold stars,2021-08-01,2021,8,242.54
5 gold stars,2021-09-01,2021,9,245.61
5 gold stars,2021-10-01,2021,10,238.93
5 gold stars,2021-11-01,2021,11,215.15
5 gold stars,2021-12-01,2021,12,206.73
5 gold stars,2022-01-01,2022,1,235.1
5 gold stars,2022-02-01,2022,2,242.65
5 gold stars,2022-03-01,2022,3,275.04
5 gold stars,2022-04-01,2022,4,289.86
5 gold stars,2022-05-01,2022,5,332.31
5 gold stars,2022-06-01,2022,6,354.93
5 gold stars,2022-07-01,2022,7,348.57
5 gold stars,2022-08-01,2022,8,346.77
5 gold stars,2022-09-01,2022,9,336.11
5 gold stars,2022-10-01,2022,10,315.02
5 gold stars,2022-11-01,2022,11,264.4
5 gold stars,2022-12-01,2022,12,250.93
5 gold stars,2023-01-01,2023,1,236.05
5 gold stars,2023-02-01,2023,2,306.29
5 gold stars,2023-03-01,2023,3,319.51
5 gold stars,2023-04-01,2023,4,325.98
5 gold stars,2023-05-01,2023,5,344.46
5 gold stars,2023-06-01,2023,6,349.33
5 gold stars,2023-07-01,2023,7,339.5
5 gold stars,2023-08-01,2023,8,331.69
5 gold stars,2023-09-01,2023,9,348.65
5 gold stars,2023-10-01,2023,10,344.21
5 gold stars,2023-11-01,2023,11,276.71
5 gold stars,2023-12-01,2023,12,255.01
5 gold stars,2024-01-01,2024,1,245.82
5 gold stars,2024-02-01,2024,2,307.6
5 gold stars,2024-03-01,2024,3,300.9
5 gold stars,2024-04-01,2024,4,358.2
5 gold stars,2024-05-01,2024,5,369.55
5 gold stars,2024-06-01,2024,6,400.71
5 gold stars,2024-07-01,2024,7,387.08
5 gold stars,2024-08-01,2024,8,346.31
5 gold stars,2024-09-01,2024,9,394.9
5 gold stars,2024-10-01,2024,10,363.51
5 gold stars,2024-11-01,2024,11,288.62
5 gold stars,2024-12-01,2024,12,283.48
5 gold stars,2025-01-01,2025,1,290.66
5 gold stars,2025-02-01,2025,2,294.23
5 gold stars,2025-03-01,2025,3,358.11
5 gold stars,2025-04-01,2025,4,330.66
5 gold stars,2025-05-01,2025,5,379.3
5 gold stars,2025-06-01,2025,6,391.89
5 gold stars,2025-07-01,2025,7,374.23
5 gold stars,2025-08-01,2025,8,314.58
5 gold stars,2025-09-01,2025,9,374.0
5 gold stars,2025-10-01,2025,10,366.55
5 gold stars,2025-11-01,2025,11,306.18
5 gold stars,2025-12-01,2025,12,278.1
5 gold stars,2026-01-01,2026,1,306.67
5 gold stars,2026-02-01,2026,2,308.25
5 gold stars,2026-03-01,2026,3,415.24
5 gold stars,2026-04-01,2026,4,332.44
5 gold stars,2026-05-01,2026,5,408.84
5 gold stars,2026-06-01,2026,6,422.51
5 gold stars,2026-07-01,2026,7,365.11
