licencia_id,nombre_comercial,q
HB-000005,Hostal Abrevadero,"Hostal Abrevadero, Carrer Vila i Vilà 79, Barcelona"
HB-000006,Hostal Valls,"Hostal Valls, Carrer Laforja 82, Barcelona"
HB-000033,Hostal Operaramblas,"Hostal Operaramblas, Carrer Sant Pau 20, Barcelona"
HB-000034,Inglés,"Hotel Inglés, Carrer Boqueria 17, Barcelona"
HB-000035,INTERNACIONAL RAMBLAS ATIRAM HOTEL,"INTERNACIONAL RAMBLAS ATIRAM HOTEL, Carrer la Rambla 78, Barcelona"
HB-000043,Montecarlo,"Hotel Montecarlo, Carrer Rambla 124, Barcelona"
HB-000050,Comercio,"Hotel Comercio, Carrer Escudellers 15, Barcelona"
HB-000085,Principal,"Hotel Principal, Carrer Junta del Comerç 8-12, Barcelona"
HB-000090,Layetana,"Hotel Layetana, Plaça Ramon Berenguer el Gran 2, Barcelona"
HB-000094,Hostal Residencia Europa,"Hostal Residencia Europa, Carrer Boqueria 18, Barcelona"
HB-000097,Residencia 45,"Residencia 45, Carrer Tallers 45, Barcelona"
HB-000114,Prisma,"Hotel Prisma, Avinguda Josep Tarradellas 119-121, Barcelona"
HB-000320,Goya,"Hotel Goya, Carrer Pau Claris 74, Barcelona"
HB-000362,Lima,"Hotel Lima, Carrer Fontanella 16, Barcelona"
HB-000372,Eurostars Cristal Palace,"Hotel Eurostars Cristal Palace, Carrer Diputació 257, Barcelona"
HB-000386,Zènit Barcelona,"Hotel Zènit Barcelona, Carrer Santaló 8, Barcelona"
HB-000443,Lourdes,"Hotel Lourdes, Carrer Princesa 14, Barcelona"
HB-000454,Barcelona Center Inn,"Hotel Barcelona Center Inn, Carrer Gran Via Corts Catalanes 688, Barcelona"
HB-000478,Turisol,"Hotel Turisol, Passatge Escudellers 7, Barcelona"
HB-000488,Sense especificar,"Hotel Sense especificar, Carrer Pelai 62, Barcelona"
HB-000491,Bienestar,"Hotel Bienestar, Carrer Quintana 3, Barcelona"
HB-000701,GAT RAVAL,"Hotel GAT RAVAL, Carrer de Joaquín Costa 44, Barcelona"
HB-000776,Boutique Barcelona,"Hotel Boutique Barcelona, Carrer Pau Claris 145, Barcelona"
HB-000855,Amílcar,"Hotel Amílcar, Carrer Amílcar 118-116, Barcelona"
HB-000952,Girona,"Hotel Girona, Carrer Girona 24, Barcelona"
HB-000957,VAGANTO HOTEL S.L.,"VAGANTO HOTEL S.L., Carrer d'en Fontrodona 1, Barcelona"
HB-001130,Hostal Razio Central Station BCN,"Hostal Razio Central Station BCN, Carrer Hospital 93, Barcelona"
HB-001131,Albi,"Hotel Albi, Carrer Avinyó 58, Barcelona"
HB-001135,Bresus,"Hotel Bresus, Carrer Sant Pere més Alt 61, Barcelona"
HB-001137,Canaletas,"Hotel Canaletas, Carrer Rambla 133, Barcelona"
HB-001619,Noya,"Hotel Noya, Carrer Rambla 133, Barcelona"
HB-001620,Ciudadela,"Hotel Ciudadela, Carrer Comerç 33, Barcelona"
HB-001690,El Puchi Barcelona,"Hotel El Puchi Barcelona, Carrer Gran Via Corts Catalanes 576, Barcelona"
HB-001705,Venècia,"Hotel Venècia, Carrer Junta del Comerç 13, Barcelona"
HB-001847,Santo Domingo,"Hotel Santo Domingo, Carrer Sant Domènec del Call 3-5, Barcelona"
HB-001855,HOTEL LA PAU,"HOTEL LA PAU, Carrer JOSEP ANSELM CLAVÉ 17, Barcelona"
HB-001862,Las Flores,"Hotel Las Flores, Carrer Rambla 79, Barcelona"
HB-001951,Chic  Basic Tallers,"Hotel Chic  Basic Tallers, Carrer Tallers 82, Barcelona"
HB-002211,Hosteria Grau,"Hotel Hosteria Grau, Carrer Ramelleres 27, Barcelona"
HB-002223,Triunfo,"Hotel Triunfo, Passeig Picasso 22, Barcelona"
HB-002253,Aneto,"Hotel Aneto, Carrer Carme 38, Barcelona"
HB-002532,Turín,"Hotel Turín, Carrer Pintor Fortuny 9, Barcelona"
HB-002600,Lleida,"Hotel Lleida, Carrer Còrsega 201, Barcelona"
HB-002608,Alberdi,"Hotel Alberdi, Carrer Torrent de l' Olla 95, Barcelona"
HB-002721,Hostal Hill,"Hostal Hill, Carrer Provença 323, Barcelona"
HB-002835,Laforja,"Hotel Laforja, Carrer Laforja 63, Barcelona"
HB-002851,RIO DE CASTRO,"Hotel RIO DE CASTRO, Avinguda del Paral·lel 119, Barcelona"
HB-002875,Aris,"Hotel Aris, Carrer Fontanella 14, Barcelona"
HB-002895,Elkano,"Hotel Elkano, Carrer Elkano 78, Barcelona"
HB-002907,Hostal Conde Guell,"Hostal Conde Guell, Carrer Comte de Güell 32, Barcelona"
HB-002927,HOTEL BRICK (antigo Hotel Climent),"HOTEL BRICK (antigo Hotel Climent), Gran Via de les Corts Catalanes 304, Barcelona"
HB-003250,Mari Luz Eva,"Hotel Mari Luz Eva, Carrer Palau 4, Barcelona"
HB-003292,Hostal Drassanes,"Hostal Drassanes, Carrer Ample 7, Barcelona"
HB-003336,Hostal River,"Hostal River, Carrer Sant Pau 15, Barcelona"
HB-003356,Sant Antoni Hostal - Sustainable tourism,"Sant Antoni Hostal - Sustainable tourism, Carrer de Villarroel 47, Barcelona"
HB-003376,Portbou,"Hotel Portbou, Carrer Comerç 29, Barcelona"
HB-003443,Coronado,"Hotel Coronado, Carrer Nou de la Rambla 134, Barcelona"
HB-003487,HOTEL SOFIA,"HOTEL SOFIA, Plaça de Pius XII 4, Barcelona"
HB-003673,Bèjar,"Hotel Bèjar, Carrer Béjar 36-38, Barcelona"
HB-003693,San Ramón,"Hotel San Ramón, Carrer Sant Ramon 15, Barcelona"
HB-003766,Madrazo,"Hotel Madrazo, Carrer Madrazo 103, Barcelona"
HB-003777,Limehome,"Hotel Limehome, Carrer de Fontcoberta 4, Barcelona"
HB-003800,Barcelona City Seven,"Hotel Barcelona City Seven, Carrer Aribau 233-235, Barcelona"
HB-003846,Catalonia Plaça Catalunya,"Hotel Catalonia Plaça Catalunya, Carrer Bergara 11, Barcelona"
HB-003859,Best Western Alfa Aeropuerto,"Hotel Best Western Alfa Aeropuerto, Lloc Franca-carrer K s/n, Barcelona"
HB-003872,Bèjar 2,"Hotel Bèjar 2, Carrer Bèjar 37, Barcelona"
HB-003875,LA FRANÇA TRAVELLERS,"Hotel LA FRANÇA TRAVELLERS, Carrer de la França Xica 40, Barcelona"
HB-003896,Guitart Grand Passage,"Hotel Guitart Grand Passage, Carrer Muntaner 212, Barcelona"
HB-003914,Atlantis,"Hotel Atlantis, Carrer Pelai 20, Barcelona"
HB-003916,Gran Hotel Havana,"Gran Hotel Havana, Gran Via de les Corts Catalanes 647, Barcelona"
HB-003918,Catalonia Diagonal Centro,"Hotel Catalonia Diagonal Centro, Carrer Balmes 142-146, Barcelona"
HB-003924,Delfos,"Hotel Delfos, Ronda Sant Antoni 61, Barcelona"
HB-003944,Azul,"Hotel Azul, Carrer Gran Via Corts Catalanes 327, Barcelona"
HB-003947,NH Sant'Angelo,"Hotel NH Sant'Angelo, Carrer Consell de Cent 74, Barcelona"
HB-003974,Iznajar,"Hotel Iznajar, Carrer Carme 38, Barcelona"
HB-003988,Barcelona Apolo Affiliated by Melia,"Hotel Barcelona Apolo Affiliated by Melia, Avinguda Paral·lel 57-59, Barcelona"
HB-004002,Caledonian,"Hotel Caledonian, Carrer Gran Via Corts Catalanes 574, Barcelona"
HB-004025,ANGLI-78,"Hotel ANGLI-78, Carrer d' Anglí 74-78, Barcelona"
HB-004028,Lazza,"Hotel Lazza, Carrer Indústria 81, Barcelona"
HB-004038,Comte,"Hotel Comte, Carrer Diputació 142, Barcelona"
HB-004050,Acta Splendid,"Hotel Acta Splendid, Carrer Muntaner 2, Barcelona"
HB-004071,Viladomat,"Hotel Viladomat, Carrer Viladomat 197, Barcelona"
HB-004074,Guillermo Tell,"Hotel Guillermo Tell, Carrer Guillem Tell 49, Barcelona"
HB-004075,LIHSA HOTELES SA,"LIHSA HOTELES SA, Carrer de Calatrava 32, Barcelona"
HB-004077,Brustar Sant Pau Aristol,"Hotel Brustar Sant Pau Aristol, Carrer Cartagena 369, Barcelona"
HB-004083,Petit,"Hotel Petit, Carrer Laforja 67, Barcelona"
HB-004090,Sense especificar,"Hotel Sense especificar, Carrer de Cabanes 34, Barcelona"
HB-004092,Goya Principal,"Hotel Goya Principal, Carrer Pau Claris 74, Barcelona"
HB-004101,HOTEL EXE LAIETANA PALACE,"HOTEL EXE LAIETANA PALACE, Via Laietana 17, Barcelona"
HB-004104,Que Tal,"Hotel Que Tal, Carrer Mallorca 290, Barcelona"
HB-004121,Banys Orientals,"Hotel Banys Orientals, Carrer Argenteria 37, Barcelona"
HB-004126,Girona,"Hotel Girona, Carrer Girona 24, Barcelona"
HB-004128,STANDBYME RAMBLAS,"Hotel STANDBYME RAMBLAS, Carrer rambla 100, Barcelona"
HB-004150,HOSTAL SOFIA2,"HOSTAL SOFIA2, Avinguda de Roma 1, Barcelona"
HB-004189,ACEVI VILLARROEL,"Hotel ACEVI VILLARROEL, Carrer villarroel 106, Barcelona"
HB-004192,Hostal Centro 2,"Hostal Centro 2, Carrer Balmes 83, Barcelona"
HB-004194,Sansi Diputació,"Hotel Sansi Diputació, Carrer Diputació 234-236, Barcelona"
HB-004195,Rafael Diagonal Port,"Hotel Rafael Diagonal Port, Carrer Lope de Vega 4, Barcelona"
HB-004196,Barna Hostal,"Barna Hostal, Rambla Catalunya 102, Barcelona"
HB-004197,Evenia Rocafort,"Hotel Evenia Rocafort, Carrer Rocafort 23-25, Barcelona"
HB-004198,Absolut,"Hotel Absolut, Carrer de Casanova 72, Barcelona"
HB-004204,Barceló Hotel Atenea Mar,"Barceló Hotel Atenea Mar, Passeig Garcia Faria 37-47, Barcelona"
HB-004206,Hostal Eden III,"Hostal Eden III, Carrer Balmes 55, Barcelona"
HB-004211,H10 Universitat,"Hotel H10 Universitat, Ronda Universitat 21, Barcelona"
HB-004212,HOTEL LEONARDO GRAN VIA,"HOTEL LEONARDO GRAN VIA, Carrer DIPUTACIO 100, Barcelona"
HB-004214,Zenit Borrell,"Hotel Zenit Borrell, Carrer Comte Borrell 208, Barcelona"
HB-004222,"Inn Ninot Barcelona, S.L.","Hotel Inn Ninot Barcelona, S.L., Carrer de Muntaner 175, Barcelona"
HB-004225,Barcelona Center Inn,"Hotel Barcelona Center Inn, Carrer Bailèn 47, Barcelona"
HB-004232,Raval Rooms,"Hotel Raval Rooms, Carrer Hospital 149-155, Barcelona"
HB-004236,Citypark Pelai,"Hotel Citypark Pelai, Carrer Pelai 1, Barcelona"
HB-004250,MEDICAL HOME BARCELONA MADRID SL,"Hotel MEDICAL HOME BARCELONA MADRID SL, Gran Via de les Corts Catalanes 660, Barcelona"
HB-004255,Luxtal,"Hotel Luxtal, Carrer Tarragona 177, Barcelona"
HB-004264,Hostal Ciudad Condal 2,"Hostal Ciudad Condal 2, Carrer Mallorca 253, Barcelona"
HB-004268,BCN-Montjuic Servicios Inmobiliarios,"Hotel BCN-Montjuic Servicios Inmobiliarios, Carrer Sant Fructuós 64-74, Barcelona"
HB-004283,Ilunion Auditori,"Hotel Ilunion Auditori, Carrer Sicilia 166, Barcelona"
HB-004292,Hostal Agua Alegre,"Hostal Agua Alegre, Carrer Roger de Lluria 47, Barcelona"
HB-004300,Eurostars Anglí,"Hotel Eurostars Anglí, Carrer Anglí 60, Barcelona"
HB-004307,Hostal HMB,"Hostal HMB, Carrer Francisco Giner 5, Barcelona"
HB-004308,Petit Palace Museum,"Hotel Petit Palace Museum, Carrer Diputació 250, Barcelona"
HB-004312,BCN Port,"Hotel BCN Port, Avinguda Paral.lel 15, Barcelona"
HB-004316,Suitesbarcelona,"Hotel Suitesbarcelona, Rambla Catalunya 103, Barcelona"
HB-004321,Abac restaurant  hotel,"Abac restaurant  hotel, Avinguda Tibidabo 1, Barcelona"
HB-004329,Villa Emilia,"Hotel Villa Emilia, Carrer Calabria 115-117, Barcelona"
HB-004335,AC Sants,"Hotel AC Sants, Passeig Sant Antoni 36-40, Barcelona"
HB-004348,Sunotel Central,"Hotel Sunotel Central, Carrer Gran Via Corts Catalanes 570-572, Barcelona"
HB-004353,GRAN HOTEL MEDINACELI,"GRAN HOTEL MEDINACELI, Plaça Medinaceli 7-8, Barcelona"
HB-004354,TOC HOTEL LAS RAMBLAS,"TOC HOTEL LAS RAMBLAS, Carrer del Carme 25, Barcelona"
HB-004355,Hostal Caballero San Juan - Ramblas Rooms,"Hostal Caballero San Juan - Ramblas Rooms, Passeig Sant Joan 1, Barcelona"
HB-004361,Martina,"Hotel Martina, Carrer Bailen 42, Barcelona"
HB-004368,Hostal Plaza Goya Bcn 1,"Hostal Plaza Goya Bcn 1, Carrer Sepúlveda 187, Barcelona"
HB-004372,Ibis Barcelona Plaça Glories 22@,"Hotel Ibis Barcelona Plaça Glories 22@, Carrer Ciudad de Granada 99, Barcelona"
HB-004375,Atlas,"Hotel Atlas, Carrer Cardenal Casañas 11, Barcelona"
HB-004383,Hotel  Spa Villa Olimpic@ Suites,"Hotel  Spa Villa Olimpic@ Suites, Carrer Pallars 121-125, Barcelona"
HB-004386,The Praktik,"Hotel The Praktik, Carrer Diputació 325, Barcelona"
HB-004402,Somnio Hostel,"Somnio Hostel, Carrer Diputació 251, Barcelona"
HB-004403,Mandarin Oriental Barcelona,"Hotel Mandarin Oriental Barcelona, Passeig Gracia 36-38-40, Barcelona"
HB-004411,W Barcelona,"Hotel W Barcelona, Plaça Rosa dels Vents 1, Barcelona"
HB-004437,Eurostars BCN Design,"Hotel Eurostars BCN Design, Passeig Gracia 29-31, Barcelona"
HB-004443,Eos,"Hotel Eos, Carrer Gran Via Corts Catalanes 575, Barcelona"
HB-004456,HOTEL CIUTAT DE BARCELONA,"HOTEL CIUTAT DE BARCELONA, Carrer de la Princesa 33, Barcelona"
HB-004463,Mímic,"Hotel Mímic, Carrer Arc del Teatre 58, Barcelona"
HB-004464,Hostemplo,"Hotel Hostemplo, Carrer Sicília 276, Barcelona"
HB-004470,ANBA,"Hotel ANBA, Ronda de Sant Pere 27, Barcelona"
HB-004474,Q,"Hotel Q, Ronda Sant Pere 22, Barcelona"
HB-004478,Eurostars Monumental,"Hotel Eurostars Monumental, Carrer Consell de Cent 498-500, Barcelona"
HB-004487,Luxtal 1-23,"Hotel Luxtal 1-23, Carrer Mallorca 1-23, Barcelona"
HB-004489,Plaza de Goya 2,"Hotel Plaza de Goya 2, Carrer Sepúlveda 187, Barcelona"
HB-004490,The Mirror Barcelona,"Hotel The Mirror Barcelona, Carrer Corsega 255, Barcelona"
HB-004493,Edifici La República,"Hotel Edifici La República, Carrer de Pujades 120, Barcelona"
HB-004496,Barcelona Centro,"Hotel Barcelona Centro, Carrer Pau Clarís 104, Barcelona"
HB-004505,Brustar Centric,"Hotel Brustar Centric, Ronda Sant Pere 60, Barcelona"
HB-004507,AinB,"Hotel AinB, Carrer Muntaner 4, Barcelona"
HB-004509,The 8 BedBreakfast Barcelona,"Hotel The 8 BedBreakfast Barcelona, Carrer Aragó 281, Barcelona"
HB-004512,Hostal Acropolis,"Hostal Acropolis, Carrer Verdi 254, Barcelona"
HB-004517,Thesuites,"Hotel Thesuites, Carrer Pau Claris 72, Barcelona"
HB-004518,HOUSE BY PILLOW,"Hotel HOUSE BY PILLOW, Carrer Rubio i Ors 3, Barcelona"
HB-004527,Apartamentos Ramblas 108,"Hotel Apartamentos Ramblas 108, Carrer Rambla 106-108, Barcelona"
HB-004536,The5rooms,"Hotel The5rooms, Carrer Pau Claris 72, Barcelona"
HB-004537,Exprés,"Hotel Exprés, Carrer Riera Sant Miquel 74, Barcelona"
HB-004540,Pillow Ramblas,"Hotel Pillow Ramblas, Passatge Banca 2-4, Barcelona"
HB-004542,Umma Barcelona BedBreakfast Boutique,"Hotel Umma Barcelona BedBreakfast Boutique, Avinguda Diagonal 433B, Barcelona"
HB-004546,La Casita Amarilla,"Hotel La Casita Amarilla, Carrer Padua 83, Barcelona"
HB-004564,Sunotel Club Central,"Hotel Sunotel Club Central, Carrer València 157-159, Barcelona"
HB-004569,Bella Lola,"Hotel Bella Lola, Passeig Gràcia 115, Barcelona"
HB-004574,Petit Príncep,"Hotel Petit Príncep, Avinguda Diagonal 578, Barcelona"
HB-004576,AMRA,"Hotel AMRA, Carrer CASPE 28, Barcelona"
HB-004579,Picasso K + K,"Hotel Picasso K + K, Passeig Picasso 26-30, Barcelona"
HB-004594,Natura Barcelona,"Hotel Natura Barcelona, Carrer Roger de Lluria 33, Barcelona"
HB-004599,Green House Hotel,"Green House Hotel, Carrer de Lepant 143, Barcelona"
HB-004602,Exprés 1,"Hotel Exprés 1, Carrer Riera Sant Miquel 74, Barcelona"
HB-004603,Exprés 2,"Hotel Exprés 2, Carrer Riera Sant Miquel 74, Barcelona"
HB-004604,Exprés 3,"Hotel Exprés 3, Carrer Riera Sant Miquel 74, Barcelona"
HB-004605,Exprés 4,"Hotel Exprés 4, Carrer Riera Sant Miquel 74, Barcelona"
HB-004608,Izara,"Hotel Izara, Ronda Sant Pere 7, Barcelona"
HB-004610,Argó 305,"Hotel Argó 305, Carrer Valencia 305, Barcelona"
HB-004611,Urgell Premium 18,"Hotel Urgell Premium 18, Carrer Comte Urgell 18, Barcelona"
HB-004622,The Moods,"Hotel The Moods, Rambla Catalunya 84, Barcelona"
HB-004623,Pillow Rooms,"Hotel Pillow Rooms, Ronda Sant Pere 70, Barcelona"
HB-004626,Barcelona 226,"Hotel Barcelona 226, Carrer Aribau 226, Barcelona"
HB-004638,Bruc,"Hotel Bruc, Carrer BRUC 65, Barcelona"
HB-004646,The Corner 592,"Hotel The Corner 592, Carrer Gran Via Corts Catalanes 592, Barcelona"
HB-004648,Casa Saltor,"Hotel Casa Saltor, Carrer Gran Via Corts Catalanes 558, Barcelona"
HB-004654,Good-Home,"Hotel Good-Home, Carrer Rosselló 254, Barcelona"
HB-004656,THE STREETS,"Hotel THE STREETS, Carrer del Consell de Cent 322, Barcelona"
HB-004659,Smart Room Barcelona,"Hotel Smart Room Barcelona, Carrer Olzinelles 56-58, Barcelona"
HB-004670,The Conica Deluxe Bed  Breakfast,"Hotel The Conica Deluxe Bed  Breakfast, Carrer Corsèga 271, Barcelona"
HB-004677,Consell,"Hotel Consell, Carrer Consell de Cent 185, Barcelona"
HB-004682,Casa Gràcia,"Hotel Casa Gràcia, Passeig Gràcia 116 Bis, Barcelona"
HB-004684,Hostal BCN Llúria,"Hostal BCN Llúria, Carrer Roger de Llúria 46, Barcelona"
HB-004691,Cotton House,"Hotel Cotton House, Carrer Gran Via Corts Catalanes 670, Barcelona"
HB-004695,BacHome Barcelona BB,"Hotel BacHome Barcelona BB, Carrer Bruc 96, Barcelona"
HB-004697,Forget Me Not Plus 1,"Hotel Forget Me Not Plus 1, Carrer Balmes 129 Bis, Barcelona"
HB-004698,Forget Me Not Plus 2,"Hotel Forget Me Not Plus 2, Carrer Balmes 129 Bis, Barcelona"
HB-004706,RETROME,"Hotel RETROME, Carrer de Girona 85, Barcelona"
HB-004707,RETROME,"Hotel RETROME, Carrer de Girona 81, Barcelona"
HB-004708,RETROME,"Hotel RETROME, Carrer de Girona 81, Barcelona"
HB-004709,Canigó,"Hotel Canigó, Passatge Flaugier 31, Barcelona"
HB-004713,Hostal Ginebra Lux,"Hostal Ginebra Lux, Rambla Catalunya 1, Barcelona"
HB-004714,Hostal Ginebra Superior,"Hostal Ginebra Superior, Rambla Catalunya 1, Barcelona"
HB-004726,Sense especificar,"Hotel Sense especificar, Carrer Ausias March 25, Barcelona"
HB-004728,Ibis Styles Barcelona Centre,"Hotel Ibis Styles Barcelona Centre, Carrer Provença 340, Barcelona"
HB-004735,Flats Rent Store,"Hotel Flats Rent Store, Avinguda Diagonal 320 Bis, Barcelona"
HB-004736,Chi,"Hotel Chi, Carrer Gran Via Corts Catalanes 455, Barcelona"
HB-004739,H10 Casa Mimosa,"Hotel H10 Casa Mimosa, Carrer Pau Claris 179, Barcelona"
HB-004741,MY PILLOW GUESTHOUSE,"Hotel MY PILLOW GUESTHOUSE, Carrer de Malgrat 40, Barcelona"
HB-004758,Bcn NiceCozy,"Hotel Bcn NiceCozy, Carrer Chapí 83-85, Barcelona"
HB-004762,Od Barcelona,"Hotel Od Barcelona, Carrer Aragó 300, Barcelona"
HB-004766,Hostal Oliveta,"Hostal Oliveta, Carrer Poeta Cabanyes 18, Barcelona"
HB-004767,Hotel Boutique 2015,"Hotel Boutique 2015, Ronda Universitat 9, Barcelona"
HB-004805,45 Times Barcelona Hotel,"45 Times Barcelona Hotel, Plaça CATALUNYA 10 - 11, Barcelona"
HB-004844,COOLROOMS MALDA,"Hotel COOLROOMS MALDA, Carrer DEL PI 5, Barcelona"
HB-004857,HOTEL PRAKTIK ÈSSENS,"HOTEL PRAKTIK ÈSSENS, Passeig Passeig de Gràcia 24, Barcelona"
HB-004859,ALBERGUE DELFOS,"ALBERGUE DELFOS, Ronda de Sant Antoni 61, Barcelona"
HB-004883,CASA VOLVER,"Hotel CASA VOLVER, Carrer La Rambla 129, Barcelona"
HB-004910,HOTEL CASA LUZ,"HOTEL CASA LUZ, Ronda Universitat 1, Barcelona"
HB-004913,BELVILLAGE,"Hotel BELVILLAGE, Carrer Diputació 453, Barcelona"
HB-004917,Bed  stayup Gràcia,"Hotel Bed  stayup Gràcia, Carrer Gran de Gràcia 26, Barcelona"
HB-004954,HOSTAL DIAGONAL,"HOSTAL DIAGONAL, Avinguda Diagonal 369, Barcelona"
HB-004964,LIMEHOME BARCELONA,"Hotel LIMEHOME BARCELONA, Carrer Besalú 82, Barcelona"
HB-005108,Hotel Bypillow Maragall,"Hotel Bypillow Maragall, Passeig Maragall 103, Barcelona"
