momento,barrio,locales,hoy,en_2028,cambio,por_local_hoy,por_local_2028
anio_medio,Baró de Viver,8,0.0,0.0,0.0,0.0,0.0
anio_medio,Can Baró,17,28.19,0.0,-28.19,1.66,0.0
anio_medio,Can Peguera,1,0.0,0.0,0.0,0.0,0.0
anio_medio,Canyelles,17,0.0,0.0,0.0,0.0,0.0
anio_medio,Ciutat Meridiana,18,0.0,0.0,0.0,0.0,0.0
anio_medio,Diagonal Mar i el Front Marítim del Poblenou,108,145.52,149.35,3.83,1.35,1.38
anio_medio,Horta,94,10.03,11.37,1.33,0.11,0.12
anio_medio,Hostafrancs,130,174.77,400.66,225.89,1.34,3.08
anio_medio,Montbau,15,1.15,0.0,-1.15,0.08,0.0
anio_medio,Navas,89,25.38,45.4,20.02,0.29,0.51
anio_medio,Pedralbes,41,8.21,19.87,11.66,0.2,0.48
anio_medio,Porta,101,5.14,59.56,54.41,0.05,0.59
anio_medio,Provençals del Poblenou,92,51.67,147.08,95.41,0.56,1.6
anio_medio,Sant Andreu,221,28.59,5.86,-22.73,0.13,0.03
anio_medio,Sant Antoni,349,730.51,298.52,-431.99,2.09,0.86
anio_medio,Sant Genís dels Agudells,14,2.3,2.21,-0.08,0.16,0.16
anio_medio,Sant Gervasi - Galvany,347,227.74,356.42,128.68,0.66,1.03
anio_medio,Sant Gervasi - la Bonanova,128,59.62,121.91,62.29,0.47,0.95
anio_medio,Sant Martí de Provençals,95,20.11,0.0,-20.11,0.21,0.0
anio_medio,"Sant Pere, Santa Caterina i la Ribera",315,417.37,524.74,107.37,1.32,1.67
anio_medio,Sants,247,220.4,274.67,54.28,0.89,1.11
anio_medio,Sants - Badal,86,90.02,27.85,-62.17,1.05,0.32
anio_medio,Sarrià,69,19.32,62.85,43.53,0.28,0.91
anio_medio,Torre Baró,3,0.0,0.0,0.0,0.0,0.0
anio_medio,Vallbona,2,0.0,0.0,0.0,0.0,0.0
anio_medio,Vallcarca i els Penitents,32,65.21,72.78,7.57,2.04,2.27
anio_medio,"Vallvidrera, el Tibidabo i les Planes",8,7.28,25.42,18.14,0.91,3.18
anio_medio,Verdun,51,3.91,0.0,-3.91,0.08,0.0
anio_medio,Vilapicina i la Torre Llobeta,124,16.84,9.2,-7.64,0.14,0.07
anio_medio,el Baix Guinardó,89,57.23,52.44,-4.79,0.64,0.59
anio_medio,el Barri Gòtic,327,485.54,741.79,256.25,1.48,2.27
anio_medio,el Besòs i el Maresme,82,57.38,16.15,-41.23,0.7,0.2
anio_medio,el Bon Pastor,96,3.06,36.1,33.04,0.03,0.38
anio_medio,el Camp d'en Grassot i Gràcia Nova,117,211.39,73.12,-138.27,1.81,0.62
anio_medio,el Camp de l'Arpa del Clot,175,219.19,150.75,-68.45,1.25,0.86
anio_medio,el Carmel,78,42.48,0.0,-42.48,0.54,0.0
anio_medio,el Clot,128,32.66,83.08,50.43,0.26,0.65
anio_medio,el Coll,6,14.89,0.0,-14.89,2.48,0.0
anio_medio,el Congrés i els Indians,80,21.65,7.41,-14.23,0.27,0.09
anio_medio,el Fort Pienc,181,428.75,261.84,-166.91,2.37,1.45
anio_medio,el Guinardó,106,58.69,52.12,-6.57,0.55,0.49
anio_medio,el Parc i la Llacuna del Poblenou,151,133.5,570.17,436.67,0.88,3.78
anio_medio,el Poble Sec,238,566.58,361.7,-204.88,2.38,1.52
anio_medio,el Poblenou,268,343.86,530.76,186.9,1.28,1.98
anio_medio,el Putxet i el Farró,114,146.72,138.25,-8.46,1.29,1.21
anio_medio,el Raval,410,548.54,1089.26,540.72,1.34,2.66
anio_medio,el Turó de la Peira,53,3.09,0.0,-3.09,0.06,0.0
anio_medio,l'Antiga Esquerra de l'Eixample,635,831.9,885.44,53.54,1.31,1.39
anio_medio,la Barceloneta,177,132.74,25.49,-107.25,0.75,0.14
anio_medio,la Bordeta,60,34.16,13.01,-21.15,0.57,0.22
anio_medio,la Clota,1,0.0,0.0,0.0,0.0,0.0
anio_medio,la Dreta de l'Eixample,702,2034.42,2221.28,186.86,2.9,3.16
anio_medio,la Font d'en Fargues,11,2.37,0.0,-2.37,0.22,0.0
anio_medio,la Font de la Guatlla,29,51.9,51.53,-0.37,1.79,1.78
anio_medio,la Guineueta,50,1.71,0.0,-1.71,0.03,0.0
anio_medio,la Marina de Port,103,7.59,31.53,23.94,0.07,0.31
anio_medio,la Marina del Prat Vermell,11,1.15,0.0,-1.15,0.1,0.0
anio_medio,la Maternitat i Sant Ramon,101,61.55,90.77,29.22,0.61,0.9
anio_medio,la Nova Esquerra de l'Eixample,373,560.06,545.71,-14.35,1.5,1.46
anio_medio,la Prosperitat,123,0.83,0.0,-0.83,0.01,0.0
anio_medio,la Sagrada Família,353,894.77,116.36,-778.41,2.53,0.33
anio_medio,la Sagrera,94,16.46,9.06,-7.4,0.18,0.1
anio_medio,la Salut,42,37.91,11.4,-26.51,0.9,0.27
anio_medio,la Teixonera,24,7.25,0.0,-7.25,0.3,0.0
anio_medio,la Trinitat Nova,12,0.0,0.0,0.0,0.0,0.0
anio_medio,la Trinitat Vella,28,0.77,0.0,-0.77,0.03,0.0
anio_medio,la Vall d'Hebron,12,1.53,68.09,66.56,0.13,5.67
anio_medio,la Verneda i la Pau,110,8.25,0.0,-8.25,0.08,0.0
anio_medio,la Vila Olímpica del Poblenou,74,144.66,132.37,-12.29,1.95,1.79
anio_medio,la Vila de Gràcia,437,723.45,234.8,-488.65,1.66,0.54
anio_medio,les Corts,308,194.42,245.83,51.41,0.63,0.8
anio_medio,les Roquetes,44,4.6,0.0,-4.6,0.1,0.0
anio_medio,les Tres Torres,44,26.77,52.32,25.56,0.61,1.19
julio,Baró de Viver,8,0.0,0.0,0.0,0.0,0.0
julio,Can Baró,17,32.84,0.0,-32.84,1.93,0.0
julio,Can Peguera,1,0.0,0.0,0.0,0.0,0.0
julio,Canyelles,17,0.0,0.0,0.0,0.0,0.0
julio,Ciutat Meridiana,18,0.0,0.0,0.0,0.0,0.0
julio,Diagonal Mar i el Front Marítim del Poblenou,108,169.53,467.03,297.51,1.57,4.32
julio,Horta,94,11.69,6.53,-5.16,0.12,0.07
julio,Hostafrancs,130,203.6,289.3,85.7,1.57,2.23
julio,Montbau,15,1.34,0.0,-1.34,0.09,0.0
julio,Navas,89,29.57,31.25,1.68,0.33,0.35
julio,Pedralbes,41,9.56,178.42,168.85,0.23,4.35
julio,Porta,101,5.99,41.08,35.08,0.06,0.41
julio,Provençals del Poblenou,92,60.19,187.3,127.11,0.65,2.04
julio,Sant Andreu,221,33.31,3.64,-29.67,0.15,0.02
julio,Sant Antoni,349,851.04,205.04,-646.0,2.44,0.59
julio,Sant Genís dels Agudells,14,2.68,1.05,-1.63,0.19,0.07
julio,Sant Gervasi - Galvany,347,265.31,242.42,-22.89,0.76,0.7
julio,Sant Gervasi - la Bonanova,128,69.46,75.63,6.17,0.54,0.59
julio,Sant Martí de Provençals,95,23.43,0.0,-23.43,0.25,0.0
julio,"Sant Pere, Santa Caterina i la Ribera",315,486.24,540.38,54.14,1.54,1.72
julio,Sants,247,256.76,213.73,-43.03,1.04,0.87
julio,Sants - Badal,86,104.87,20.09,-84.78,1.22,0.23
julio,Sarrià,69,22.51,45.98,23.48,0.33,0.67
julio,Torre Baró,3,0.0,0.0,0.0,0.0,0.0
julio,Vallbona,2,0.0,0.0,0.0,0.0,0.0
julio,Vallcarca i els Penitents,32,75.97,47.26,-28.71,2.37,1.48
julio,"Vallvidrera, el Tibidabo i les Planes",8,8.48,19.39,10.91,1.06,2.42
julio,Verdun,51,4.55,0.0,-4.55,0.09,0.0
julio,Vilapicina i la Torre Llobeta,124,19.62,6.22,-13.4,0.16,0.05
julio,el Baix Guinardó,89,66.67,34.91,-31.76,0.75,0.39
julio,el Barri Gòtic,327,565.65,1145.39,579.74,1.73,3.5
julio,el Besòs i el Maresme,82,66.85,190.99,124.14,0.82,2.33
julio,el Bon Pastor,96,3.57,23.06,19.49,0.04,0.24
julio,el Camp d'en Grassot i Gràcia Nova,117,246.27,49.97,-196.3,2.1,0.43
julio,el Camp de l'Arpa del Clot,175,255.36,98.79,-156.57,1.46,0.56
julio,el Carmel,78,49.49,0.0,-49.49,0.63,0.0
julio,el Clot,128,38.05,54.14,16.1,0.3,0.42
julio,el Coll,6,17.34,0.0,-17.34,2.89,0.0
julio,el Congrés i els Indians,80,25.22,5.09,-20.13,0.32,0.06
julio,el Fort Pienc,181,499.49,176.72,-322.77,2.76,0.98
julio,el Guinardó,106,68.37,34.08,-34.29,0.64,0.32
julio,el Parc i la Llacuna del Poblenou,151,155.53,523.62,368.1,1.03,3.47
julio,el Poble Sec,238,660.06,342.75,-317.31,2.77,1.44
julio,el Poblenou,268,400.59,516.81,116.22,1.49,1.93
julio,el Putxet i el Farró,114,170.92,87.91,-83.02,1.5,0.77
julio,el Raval,410,639.05,1285.94,646.88,1.56,3.14
julio,el Turó de la Peira,53,3.6,0.0,-3.6,0.07,0.0
julio,l'Antiga Esquerra de l'Eixample,635,969.16,655.81,-313.35,1.53,1.03
julio,la Barceloneta,177,154.64,287.98,133.34,0.87,1.63
julio,la Bordeta,60,39.79,8.26,-31.53,0.66,0.14
julio,la Clota,1,0.0,0.0,0.0,0.0,0.0
julio,la Dreta de l'Eixample,702,2370.1,2267.41,-102.69,3.38,3.23
julio,la Font d'en Fargues,11,2.76,0.0,-2.76,0.25,0.0
julio,la Font de la Guatlla,29,60.46,30.46,-30.01,2.08,1.05
julio,la Guineueta,50,1.99,0.0,-1.99,0.04,0.0
julio,la Marina de Port,103,8.84,56.38,47.53,0.09,0.55
julio,la Marina del Prat Vermell,11,1.34,23.99,22.65,0.12,2.18
julio,la Maternitat i Sant Ramon,101,71.7,261.54,189.83,0.71,2.59
julio,la Nova Esquerra de l'Eixample,373,652.47,407.44,-245.03,1.75,1.09
julio,la Prosperitat,123,0.96,0.0,-0.96,0.01,0.0
julio,la Sagrada Família,353,1042.41,77.8,-964.6,2.95,0.22
julio,la Sagrera,94,19.18,5.4,-13.78,0.2,0.06
julio,la Salut,42,44.16,7.52,-36.64,1.05,0.18
julio,la Teixonera,24,8.45,0.0,-8.45,0.35,0.0
julio,la Trinitat Nova,12,0.0,0.0,0.0,0.0,0.0
julio,la Trinitat Vella,28,0.89,0.0,-0.89,0.03,0.0
julio,la Vall d'Hebron,12,1.78,42.57,40.78,0.15,3.55
julio,la Verneda i la Pau,110,9.61,0.0,-9.61,0.09,0.0
julio,la Vila Olímpica del Poblenou,74,168.53,186.45,17.91,2.28,2.52
julio,la Vila de Gràcia,437,842.82,159.38,-683.44,1.93,0.36
julio,les Corts,308,226.5,430.01,203.52,0.74,1.4
julio,les Roquetes,44,5.35,0.0,-5.35,0.12,0.0
julio,les Tres Torres,44,31.18,42.11,10.93,0.71,0.96
