barrio,momento,escenario,w,turistas_que_salen,turistas_que_llegan,turistas_sin_sitio,turistas_que_se_quedan,habitaciones_ocupadas,km_mediano,sobrecoste_mediano,saldo
Can Baró,anio_medio,solo_precio,0.0,21.06,0.0,0.0,0.0,0.0,3.35,36.54,-21.06
Diagonal Mar i el Front Marítim del Poblenou,anio_medio,solo_precio,0.0,131.37,31.21,0.0,0.0,17.06,4.34,0.1,-100.16
Horta,anio_medio,solo_precio,0.0,7.66,10.2,0.0,0.0,5.74,3.74,53.02,2.54
Hostafrancs,anio_medio,solo_precio,0.0,108.01,447.29,0.0,6.22,216.98,2.49,17.49,339.29
Navas,anio_medio,solo_precio,0.0,13.4,60.92,0.0,0.0,28.91,3.98,21.77,47.52
Pedralbes,anio_medio,solo_precio,0.0,6.13,37.85,0.0,0.0,17.04,4.49,-0.02,31.72
Porta,anio_medio,solo_precio,0.0,2.68,68.54,0.0,0.0,33.46,4.66,13.91,65.86
Provençals del Poblenou,anio_medio,solo_precio,0.0,28.34,13.79,0.0,1.15,7.66,4.08,0.03,-14.55
Sant Andreu,anio_medio,solo_precio,0.0,18.38,5.44,0.0,0.0,2.18,5.99,0.08,-12.95
Sant Antoni,anio_medio,solo_precio,0.0,620.46,195.73,0.0,20.26,100.55,1.86,0.02,-424.73
Sant Gervasi - Galvany,anio_medio,solo_precio,0.0,182.31,264.15,0.0,7.86,129.96,2.24,0.13,81.84
Sant Gervasi - la Bonanova,anio_medio,solo_precio,0.0,43.28,129.91,0.0,6.2,60.88,3.49,0.02,86.63
Sant Martí de Provençals,anio_medio,solo_precio,0.0,18.77,0.0,0.0,0.0,0.0,4.09,35.36,-18.77
"Sant Pere, Santa Caterina i la Ribera",anio_medio,solo_precio,0.0,245.5,411.0,0.0,14.19,194.74,1.63,0.05,165.49
Sants,anio_medio,solo_precio,0.0,182.69,329.09,0.0,7.98,161.37,3.06,27.08,146.4
Sants - Badal,anio_medio,solo_precio,0.0,50.94,31.93,0.0,0.0,15.64,3.79,34.56,-19.01
Sarrià,anio_medio,solo_precio,0.0,11.49,60.91,0.0,0.0,32.38,4.82,16.53,49.42
Vallcarca i els Penitents,anio_medio,solo_precio,0.0,42.13,22.84,0.0,0.0,11.68,3.64,45.09,-19.29
"Vallvidrera, el Tibidabo i les Planes",anio_medio,solo_precio,0.0,1.53,2.68,0.0,0.0,1.53,7.01,-0.47,1.15
Verdun,anio_medio,solo_precio,0.0,2.3,0.0,0.0,0.0,0.0,5.2,52.03,-2.3
Vilapicina i la Torre Llobeta,anio_medio,solo_precio,0.0,9.96,3.7,0.0,0.0,1.98,4.65,22.43,-6.26
el Baix Guinardó,anio_medio,solo_precio,0.0,48.64,46.33,0.0,2.26,22.53,3.27,0.04,-2.31
el Barri Gòtic,anio_medio,solo_precio,0.0,264.27,1065.23,0.0,31.68,530.08,1.72,-0.04,800.96
el Besòs i el Maresme,anio_medio,solo_precio,0.0,22.21,9.19,0.0,0.0,4.6,4.62,41.08,-13.02
el Bon Pastor,anio_medio,solo_precio,0.0,0.77,32.42,0.0,0.0,18.22,5.32,-4.22,31.66
el Camp d'en Grassot i Gràcia Nova,anio_medio,solo_precio,0.0,181.54,20.43,0.0,0.0,11.35,2.71,16.82,-161.11
el Camp de l'Arpa del Clot,anio_medio,solo_precio,0.0,179.63,220.15,0.0,6.77,108.31,3.09,21.47,40.53
el Carmel,anio_medio,solo_precio,0.0,31.79,0.0,0.0,0.0,0.0,3.72,29.53,-31.79
el Clot,anio_medio,solo_precio,0.0,15.7,3.14,0.0,0.0,1.78,2.87,21.71,-12.56
el Coll,anio_medio,solo_precio,0.0,17.62,58.26,0.0,0.0,27.92,3.6,35.94,40.64
el Congrés i els Indians,anio_medio,solo_precio,0.0,13.4,0.0,0.0,0.0,0.0,5.03,35.42,-13.4
el Fort Pienc,anio_medio,solo_precio,0.0,384.92,257.42,0.0,4.6,127.51,2.11,0.02,-127.5
el Guinardó,anio_medio,solo_precio,0.0,65.11,88.59,0.0,0.0,43.56,3.35,13.1,23.48
el Parc i la Llacuna del Poblenou,anio_medio,solo_precio,0.0,124.86,391.36,0.0,13.4,191.71,2.46,0.07,266.5
el Poble Sec,anio_medio,solo_precio,0.0,549.6,263.57,0.0,14.5,130.24,2.04,22.71,-286.03
el Poblenou,anio_medio,solo_precio,0.0,238.23,365.32,0.0,2.68,176.06,3.63,0.01,127.1
el Putxet i el Farró,anio_medio,solo_precio,0.0,126.39,138.02,0.0,2.68,72.27,3.15,0.41,11.63
el Raval,anio_medio,solo_precio,0.0,271.93,1248.94,0.0,53.88,614.21,1.51,20.36,977.01
l'Antiga Esquerra de l'Eixample,anio_medio,solo_precio,0.0,681.36,507.24,0.0,33.56,243.25,1.72,0.05,-174.12
la Barceloneta,anio_medio,solo_precio,0.0,50.17,6.64,0.0,1.15,3.13,2.58,-0.05,-43.53
la Bordeta,anio_medio,solo_precio,0.0,32.17,7.37,0.0,0.0,3.37,3.12,0.49,-24.8
la Dreta de l'Eixample,anio_medio,solo_precio,0.0,1720.82,960.84,0.0,152.85,492.06,1.76,0.01,-759.97
la Font d'en Fargues,anio_medio,solo_precio,0.0,7.28,0.0,0.0,0.0,0.0,4.63,-0.01,-7.28
la Font de la Guatlla,anio_medio,solo_precio,0.0,54.77,68.45,0.0,1.53,31.97,2.62,26.06,13.68
la Marina de Port,anio_medio,solo_precio,0.0,5.36,81.4,0.0,0.0,40.39,3.82,22.45,76.04
la Marina del Prat Vermell,anio_medio,solo_precio,0.0,1.15,39.35,0.0,0.0,19.6,4.0,0.0,38.2
la Maternitat i Sant Ramon,anio_medio,solo_precio,0.0,42.13,37.67,0.0,0.0,20.06,3.69,31.12,-4.46
la Nova Esquerra de l'Eixample,anio_medio,solo_precio,0.0,448.49,389.08,0.0,32.15,186.43,2.1,21.71,-59.41
la Sagrada Família,anio_medio,solo_precio,0.0,782.47,86.6,0.0,8.43,42.16,2.54,0.06,-695.87
la Sagrera,anio_medio,solo_precio,0.0,9.57,8.06,0.0,0.0,5.15,4.69,39.13,-1.52
la Salut,anio_medio,solo_precio,0.0,27.96,13.74,0.0,0.0,6.64,2.96,43.32,-14.22
la Teixonera,anio_medio,solo_precio,0.0,1.92,0.0,0.0,0.0,0.0,4.75,36.54,-1.92
la Vall d'Hebron,anio_medio,solo_precio,0.0,1.53,61.56,0.0,0.0,30.89,6.62,23.22,60.03
la Verneda i la Pau,anio_medio,solo_precio,0.0,6.89,0.0,0.0,0.0,0.0,5.08,44.76,-6.89
la Vila Olímpica del Poblenou,anio_medio,solo_precio,0.0,121.79,105.0,0.0,0.0,50.66,2.63,-0.01,-16.8
la Vila de Gràcia,anio_medio,solo_precio,0.0,651.87,99.7,0.0,12.92,52.96,2.48,0.06,-552.16
les Corts,anio_medio,solo_precio,0.0,145.92,246.84,0.0,3.45,114.52,2.89,22.9,100.92
les Tres Torres,anio_medio,solo_precio,0.0,23.75,45.89,0.0,0.0,21.56,3.99,-0.02,22.14
Sant Genís dels Agudells,anio_medio,solo_precio,0.0,0.0,1.39,0.0,0.0,0.79,,,1.39
Can Baró,anio_medio,sobre_todo_precio,0.25,21.06,0.0,0.0,0.0,0.0,2.0,33.62,-21.06
Diagonal Mar i el Front Marítim del Poblenou,anio_medio,sobre_todo_precio,0.25,131.37,80.3,0.0,45.07,42.55,0.81,11.35,-51.07
Horta,anio_medio,sobre_todo_precio,0.25,7.66,11.47,0.0,1.53,5.74,2.91,79.05,3.81
Hostafrancs,anio_medio,sobre_todo_precio,0.25,108.01,398.13,0.0,68.9,195.45,0.31,4.95,290.12
Navas,anio_medio,sobre_todo_precio,0.25,13.4,53.6,0.0,1.53,28.91,1.72,-2.35,40.2
Pedralbes,anio_medio,sobre_todo_precio,0.25,6.13,24.51,0.0,1.53,11.68,1.15,-1.38,18.38
Porta,anio_medio,sobre_todo_precio,0.25,2.68,66.32,0.0,1.53,33.46,0.37,-6.27,63.64
Provençals del Poblenou,anio_medio,sobre_todo_precio,0.25,28.34,83.35,0.0,4.21,38.16,0.81,7.39,55.01
Sant Andreu,anio_medio,sobre_todo_precio,0.25,18.38,4.4,0.0,4.4,2.18,0.64,1.29,-13.99
Sant Antoni,anio_medio,sobre_todo_precio,0.25,620.46,187.76,0.0,121.79,102.46,0.42,3.04,-432.7
Sant Gervasi - Galvany,anio_medio,sobre_todo_precio,0.25,182.31,359.57,0.0,93.47,173.65,0.39,3.55,177.26
Sant Gervasi - la Bonanova,anio_medio,sobre_todo_precio,0.25,43.28,131.84,0.0,30.33,63.28,0.31,5.48,88.56
Sant Martí de Provençals,anio_medio,sobre_todo_precio,0.25,18.77,0.0,0.0,0.0,0.0,0.92,37.94,-18.77
"Sant Pere, Santa Caterina i la Ribera",anio_medio,sobre_todo_precio,0.25,245.5,335.9,0.0,96.64,156.67,0.25,1.72,90.39
Sants,anio_medio,sobre_todo_precio,0.25,182.69,332.83,0.0,127.46,161.37,0.51,16.7,150.14
Sants - Badal,anio_medio,sobre_todo_precio,0.25,50.94,27.72,0.0,12.02,15.64,1.05,16.58,-23.22
Sarrià,anio_medio,sobre_todo_precio,0.25,11.49,60.21,0.0,4.88,29.7,0.53,9.26,48.72
Vallcarca i els Penitents,anio_medio,sobre_todo_precio,0.25,42.13,21.74,0.0,1.92,11.68,2.32,44.62,-20.39
"Vallvidrera, el Tibidabo i les Planes",anio_medio,sobre_todo_precio,0.25,1.53,0.0,0.0,0.0,0.0,1.77,0.81,-1.53
Verdun,anio_medio,sobre_todo_precio,0.25,2.3,0.0,0.0,0.0,0.0,4.2,71.6,-2.3
Vilapicina i la Torre Llobeta,anio_medio,sobre_todo_precio,0.25,9.96,3.87,0.0,0.0,1.98,1.37,5.96,-6.09
el Baix Guinardó,anio_medio,sobre_todo_precio,0.25,48.64,68.7,0.0,13.02,40.0,1.07,-3.97,20.06
el Barri Gòtic,anio_medio,sobre_todo_precio,0.25,264.27,722.28,0.0,231.17,344.16,0.15,1.06,458.01
el Besòs i el Maresme,anio_medio,sobre_todo_precio,0.25,22.21,0.0,0.0,0.0,0.0,0.5,62.87,-22.21
el Bon Pastor,anio_medio,sobre_todo_precio,0.25,0.77,35.1,0.0,0.77,18.22,0.57,-7.38,34.33
el Camp d'en Grassot i Gràcia Nova,anio_medio,sobre_todo_precio,0.25,181.54,83.03,0.0,24.4,43.56,1.16,2.43,-98.52
el Camp de l'Arpa del Clot,anio_medio,sobre_todo_precio,0.25,179.63,203.95,0.0,42.87,108.31,1.07,18.08,24.32
el Carmel,anio_medio,sobre_todo_precio,0.25,31.79,0.0,0.0,0.0,0.0,1.66,-3.84,-31.79
el Clot,anio_medio,sobre_todo_precio,0.25,15.7,4.26,0.0,0.0,1.78,0.81,28.67,-11.44
el Coll,anio_medio,sobre_todo_precio,0.25,17.62,56.22,0.0,0.77,27.92,1.77,16.78,38.6
el Congrés i els Indians,anio_medio,sobre_todo_precio,0.25,13.4,0.0,0.0,0.0,0.0,1.9,49.06,-13.4
el Fort Pienc,anio_medio,sobre_todo_precio,0.25,384.92,253.47,0.0,99.76,136.42,0.72,18.4,-131.45
el Guinardó,anio_medio,sobre_todo_precio,0.25,65.11,82.43,0.0,15.7,43.56,1.41,6.81,17.32
el Parc i la Llacuna del Poblenou,anio_medio,sobre_todo_precio,0.25,124.86,496.0,0.0,58.6,233.84,0.39,6.43,371.15
el Poble Sec,anio_medio,sobre_todo_precio,0.25,549.6,252.33,0.0,195.55,133.42,0.41,22.44,-297.27
el Poblenou,anio_medio,sobre_todo_precio,0.25,238.23,382.45,0.0,198.18,175.01,0.4,6.1,144.23
el Putxet i el Farró,anio_medio,sobre_todo_precio,0.25,126.39,138.33,0.0,35.76,72.27,0.63,4.77,11.94
el Raval,anio_medio,sobre_todo_precio,0.25,271.93,1070.94,0.0,238.66,503.72,0.22,14.88,799.01
l'Antiga Esquerra de l'Eixample,anio_medio,sobre_todo_precio,0.25,681.36,628.17,0.0,412.39,312.24,0.32,17.24,-53.19
la Barceloneta,anio_medio,sobre_todo_precio,0.25,50.17,13.5,0.0,13.5,6.71,0.65,-0.74,-36.68
la Bordeta,anio_medio,sobre_todo_precio,0.25,32.17,6.82,0.0,1.92,3.37,0.66,10.88,-25.35
la Dreta de l'Eixample,anio_medio,sobre_todo_precio,0.25,1720.82,1320.48,0.0,967.0,639.11,0.3,2.3,-400.34
la Font d'en Fargues,anio_medio,sobre_todo_precio,0.25,7.28,0.0,0.0,0.0,0.0,0.92,-12.32,-7.28
la Font de la Guatlla,anio_medio,sobre_todo_precio,0.25,54.77,37.96,0.0,15.2,21.66,0.4,20.27,-16.8
la Marina de Port,anio_medio,sobre_todo_precio,0.25,5.36,71.62,0.0,4.21,34.09,0.9,8.72,66.26
la Marina del Prat Vermell,anio_medio,sobre_todo_precio,0.25,1.15,0.0,0.0,0.0,0.0,2.25,-5.69,-1.15
la Maternitat i Sant Ramon,anio_medio,sobre_todo_precio,0.25,42.13,42.84,0.0,28.34,20.06,0.52,20.41,0.71
la Nova Esquerra de l'Eixample,anio_medio,sobre_todo_precio,0.25,448.49,345.84,0.0,173.35,182.0,0.4,20.61,-102.66
la Sagrada Família,anio_medio,sobre_todo_precio,0.25,782.47,105.7,0.0,77.21,57.48,0.84,7.07,-676.77
la Sagrera,anio_medio,sobre_todo_precio,0.25,9.57,10.61,0.0,3.06,5.15,1.84,7.68,1.04
la Salut,anio_medio,sobre_todo_precio,0.25,27.96,12.91,0.0,1.09,7.13,1.54,38.55,-15.04
la Teixonera,anio_medio,sobre_todo_precio,0.25,1.92,0.0,0.0,0.0,0.0,2.7,26.4,-1.92
la Vall d'Hebron,anio_medio,sobre_todo_precio,0.25,1.53,62.7,0.0,1.53,30.89,0.15,-9.82,61.17
la Verneda i la Pau,anio_medio,sobre_todo_precio,0.25,6.89,0.0,0.0,0.0,0.0,1.43,64.32,-6.89
la Vila Olímpica del Poblenou,anio_medio,sobre_todo_precio,0.25,121.79,100.56,0.0,55.68,48.83,0.5,5.86,-21.23
la Vila de Gràcia,anio_medio,sobre_todo_precio,0.25,651.87,111.44,0.0,78.73,60.06,0.68,1.23,-540.42
les Corts,anio_medio,sobre_todo_precio,0.25,145.92,152.94,0.0,50.4,78.59,0.52,18.05,7.02
les Tres Torres,anio_medio,sobre_todo_precio,0.25,23.75,43.67,0.0,6.13,20.79,0.54,2.3,19.92
Sant Genís dels Agudells,anio_medio,sobre_todo_precio,0.25,0.0,1.62,0.0,0.0,0.79,,,1.62
Can Baró,anio_medio,equilibrio,0.5,21.06,0.0,0.0,0.0,0.0,2.14,2.36,-21.06
Diagonal Mar i el Front Marítim del Poblenou,anio_medio,equilibrio,0.5,131.37,130.22,0.0,99.2,62.81,0.42,27.51,-1.15
Horta,anio_medio,equilibrio,0.5,7.66,10.72,0.0,0.05,5.74,1.13,6.69,3.06
Hostafrancs,anio_medio,equilibrio,0.5,108.01,298.39,0.0,67.41,147.85,0.23,8.47,190.39
Navas,anio_medio,equilibrio,0.5,13.4,54.37,0.0,1.15,28.91,0.76,5.13,40.96
Pedralbes,anio_medio,equilibrio,0.5,6.13,6.89,0.0,0.0,4.6,0.69,14.89,0.77
Porta,anio_medio,equilibrio,0.5,2.68,68.4,0.0,1.53,33.46,0.37,-6.27,65.72
Provençals del Poblenou,anio_medio,equilibrio,0.5,28.34,83.6,0.0,5.36,38.54,0.33,33.92,55.26
Sant Andreu,anio_medio,equilibrio,0.5,18.38,5.56,0.0,5.56,2.18,0.6,-12.05,-12.82
Sant Antoni,anio_medio,equilibrio,0.5,620.46,223.96,0.0,157.24,118.17,0.3,6.75,-396.5
Sant Gervasi - Galvany,anio_medio,equilibrio,0.5,182.31,369.86,0.0,123.6,183.99,0.22,9.61,187.55
Sant Gervasi - la Bonanova,anio_medio,equilibrio,0.5,43.28,144.08,0.0,40.6,63.95,0.23,7.35,100.8
Sant Martí de Provençals,anio_medio,equilibrio,0.5,18.77,0.0,0.0,0.0,0.0,0.93,40.43,-18.77
"Sant Pere, Santa Caterina i la Ribera",anio_medio,equilibrio,0.5,245.5,260.79,0.0,118.3,124.07,0.19,2.11,15.28
Sants,anio_medio,equilibrio,0.5,182.69,300.3,0.0,166.13,140.43,0.44,15.94,117.61
Sants - Badal,anio_medio,equilibrio,0.5,50.94,30.49,0.0,19.92,15.64,0.62,11.32,-20.45
Sarrià,anio_medio,equilibrio,0.5,11.49,33.67,0.0,11.49,17.32,0.34,14.16,22.18
Vallcarca i els Penitents,anio_medio,equilibrio,0.5,42.13,21.45,0.0,1.15,11.68,1.24,26.56,-20.68
"Vallvidrera, el Tibidabo i les Planes",anio_medio,equilibrio,0.5,1.53,0.0,0.0,0.0,0.0,1.77,0.81,-1.53
Verdun,anio_medio,equilibrio,0.5,2.3,0.0,0.0,0.0,0.0,1.92,15.86,-2.3
Vilapicina i la Torre Llobeta,anio_medio,equilibrio,0.5,9.96,3.69,0.0,1.53,1.98,0.52,5.96,-6.27
el Baix Guinardó,anio_medio,equilibrio,0.5,48.64,68.77,0.0,14.55,40.0,0.79,3.84,20.13
el Barri Gòtic,anio_medio,equilibrio,0.5,264.27,432.2,0.0,231.84,212.37,0.1,2.3,167.93
el Besòs i el Maresme,anio_medio,equilibrio,0.5,22.21,0.0,0.0,0.0,0.0,0.44,62.87,-22.21
el Bon Pastor,anio_medio,equilibrio,0.5,0.77,23.75,0.0,0.77,10.72,0.57,-7.38,22.98
el Camp d'en Grassot i Gràcia Nova,anio_medio,equilibrio,0.5,181.54,78.89,0.0,36.32,43.56,0.66,46.46,-102.65
el Camp de l'Arpa del Clot,anio_medio,equilibrio,0.5,179.63,207.6,0.0,44.93,108.31,0.94,16.83,27.97
el Carmel,anio_medio,equilibrio,0.5,31.79,0.0,0.0,0.0,0.0,1.35,0.65,-31.79
el Clot,anio_medio,equilibrio,0.5,15.7,3.56,0.0,1.53,1.78,0.48,21.38,-12.14
el Coll,anio_medio,equilibrio,0.5,17.62,56.6,0.0,3.83,27.92,1.4,2.38,38.98
el Congrés i els Indians,anio_medio,equilibrio,0.5,13.4,0.0,0.0,0.0,0.0,0.99,7.08,-13.4
el Fort Pienc,anio_medio,equilibrio,0.5,384.92,257.85,0.0,114.17,136.42,0.55,25.26,-127.07
el Guinardó,anio_medio,equilibrio,0.5,65.11,80.49,0.0,16.9,43.56,1.25,7.31,15.38
el Parc i la Llacuna del Poblenou,anio_medio,equilibrio,0.5,124.86,574.36,0.0,88.47,279.86,0.21,12.46,449.5
el Poble Sec,anio_medio,equilibrio,0.5,549.6,307.84,0.0,268.27,162.59,0.3,13.99,-241.77
el Poblenou,anio_medio,equilibrio,0.5,238.23,278.65,0.0,218.66,127.64,0.33,2.97,40.42
el Putxet i el Farró,anio_medio,equilibrio,0.5,126.39,139.58,0.0,58.83,72.27,0.32,6.84,13.19
el Raval,anio_medio,equilibrio,0.5,271.93,846.53,0.0,248.66,392.1,0.11,8.19,574.6
l'Antiga Esquerra de l'Eixample,anio_medio,equilibrio,0.5,681.36,765.15,0.0,514.03,379.21,0.18,19.98,83.79
la Barceloneta,anio_medio,equilibrio,0.5,50.17,13.73,0.0,13.73,7.09,0.6,-4.33,-36.44
la Bordeta,anio_medio,equilibrio,0.5,32.17,5.87,0.0,0.0,3.37,0.66,10.88,-26.3
la Dreta de l'Eixample,anio_medio,equilibrio,0.5,1720.82,1752.12,0.0,1328.91,832.72,0.19,7.85,31.3
la Font d'en Fargues,anio_medio,equilibrio,0.5,7.28,0.0,0.0,0.0,0.0,0.76,-17.45,-7.28
la Font de la Guatlla,anio_medio,equilibrio,0.5,54.77,77.32,0.0,47.34,38.52,0.22,17.16,22.55
la Marina de Port,anio_medio,equilibrio,0.5,5.36,9.96,0.0,2.3,6.51,0.74,-19.36,4.6
la Marina del Prat Vermell,anio_medio,equilibrio,0.5,1.15,0.0,0.0,0.0,0.0,0.96,-35.93,-1.15
la Maternitat i Sant Ramon,anio_medio,equilibrio,0.5,42.13,69.33,0.0,36.77,33.75,0.28,21.33,27.2
la Nova Esquerra de l'Eixample,anio_medio,equilibrio,0.5,448.49,360.26,0.0,235.97,192.43,0.31,24.58,-88.23
la Sagrada Família,anio_medio,equilibrio,0.5,782.47,104.14,0.0,86.37,62.57,0.81,21.04,-678.33
la Sagrera,anio_medio,equilibrio,0.5,9.57,11.72,0.0,3.06,5.15,1.33,3.36,2.14
la Salut,anio_medio,equilibrio,0.5,27.96,11.81,0.0,0.77,7.13,1.84,5.25,-16.14
la Teixonera,anio_medio,equilibrio,0.5,1.92,0.0,0.0,0.0,0.0,1.31,-2.33,-1.92
la Vall d'Hebron,anio_medio,equilibrio,0.5,1.53,69.48,0.0,1.53,30.89,0.15,-9.82,67.94
la Verneda i la Pau,anio_medio,equilibrio,0.5,6.89,0.0,0.0,0.0,0.0,1.82,10.78,-6.89
la Vila Olímpica del Poblenou,anio_medio,equilibrio,0.5,121.79,122.91,0.0,96.9,57.64,0.32,8.14,1.11
la Vila de Gràcia,anio_medio,equilibrio,0.5,651.87,155.19,0.0,127.2,80.19,0.51,8.3,-496.68
les Corts,anio_medio,equilibrio,0.5,145.92,140.23,0.0,111.07,74.33,0.31,32.5,-5.69
les Tres Torres,anio_medio,equilibrio,0.5,23.75,27.76,0.0,8.43,13.0,0.46,8.0,4.02
Sant Genís dels Agudells,anio_medio,equilibrio,0.5,0.0,2.3,0.0,0.0,0.79,,,2.3
Can Baró,anio_medio,sobre_todo_barrio,0.75,21.06,0.0,0.0,0.0,0.0,2.08,7.62,-21.06
Diagonal Mar i el Front Marítim del Poblenou,anio_medio,sobre_todo_barrio,0.75,131.37,179.45,0.0,129.07,83.28,0.25,50.74,48.08
Horta,anio_medio,sobre_todo_barrio,0.75,7.66,10.97,0.0,1.53,5.74,1.11,1.56,3.31
Hostafrancs,anio_medio,sobre_todo_barrio,0.75,108.01,302.4,0.0,79.28,151.58,0.19,10.66,194.39
Navas,anio_medio,sobre_todo_barrio,0.75,13.4,56.92,0.0,0.0,28.91,0.53,5.13,43.52
Pedralbes,anio_medio,sobre_todo_barrio,0.75,6.13,4.98,0.0,3.06,1.53,0.18,15.94,-1.15
Porta,anio_medio,sobre_todo_barrio,0.75,2.68,71.4,0.0,0.0,33.43,0.31,-5.55,68.72
Provençals del Poblenou,anio_medio,sobre_todo_barrio,0.75,28.34,95.57,0.0,14.31,46.98,0.22,50.09,67.23
Sant Andreu,anio_medio,sobre_todo_barrio,0.75,18.38,5.56,0.0,5.56,2.18,0.6,-12.05,-12.82
Sant Antoni,anio_medio,sobre_todo_barrio,0.75,620.46,285.83,0.0,202.21,148.7,0.26,14.59,-334.63
Sant Gervasi - Galvany,anio_medio,sobre_todo_barrio,0.75,182.31,393.76,0.0,144.01,198.07,0.18,12.89,211.45
Sant Gervasi - la Bonanova,anio_medio,sobre_todo_barrio,0.75,43.28,136.69,0.0,42.51,60.36,0.15,16.17,93.41
Sant Martí de Provençals,anio_medio,sobre_todo_barrio,0.75,18.77,0.0,0.0,0.0,0.0,0.92,40.28,-18.77
"Sant Pere, Santa Caterina i la Ribera",anio_medio,sobre_todo_barrio,0.75,245.5,244.08,0.0,145.09,117.48,0.12,11.4,-1.42
Sants,anio_medio,sobre_todo_barrio,0.75,182.69,222.09,0.0,163.47,104.46,0.4,23.54,39.4
Sants - Badal,anio_medio,sobre_todo_barrio,0.75,50.94,30.4,0.0,21.45,15.64,0.47,13.31,-20.54
Sarrià,anio_medio,sobre_todo_barrio,0.75,11.49,22.6,0.0,11.49,11.49,0.24,12.84,11.11
Vallcarca i els Penitents,anio_medio,sobre_todo_barrio,0.75,42.13,22.05,0.0,1.15,11.68,0.96,20.87,-20.08
"Vallvidrera, el Tibidabo i les Planes",anio_medio,sobre_todo_barrio,0.75,1.53,0.0,0.0,0.0,0.0,1.77,0.81,-1.53
Verdun,anio_medio,sobre_todo_barrio,0.75,2.3,0.0,0.0,0.0,0.0,1.0,10.56,-2.3
Vilapicina i la Torre Llobeta,anio_medio,sobre_todo_barrio,0.75,9.96,3.58,0.0,0.0,1.98,0.52,12.82,-6.38
el Baix Guinardó,anio_medio,sobre_todo_barrio,0.75,48.64,68.1,0.0,16.85,40.0,1.14,15.35,19.46
el Barri Gòtic,anio_medio,sobre_todo_barrio,0.75,264.27,390.38,0.0,247.04,192.92,0.07,5.98,126.11
el Besòs i el Maresme,anio_medio,sobre_todo_barrio,0.75,22.21,0.0,0.0,0.0,0.0,0.42,62.87,-22.21
el Bon Pastor,anio_medio,sobre_todo_barrio,0.75,0.77,0.77,0.0,0.77,0.38,0.57,-7.38,0.0
el Camp d'en Grassot i Gràcia Nova,anio_medio,sobre_todo_barrio,0.75,181.54,82.69,0.0,38.13,43.56,0.87,48.53,-98.85
el Camp de l'Arpa del Clot,anio_medio,sobre_todo_barrio,0.75,179.63,205.19,0.0,47.36,108.31,0.8,20.43,25.56
el Carmel,anio_medio,sobre_todo_barrio,0.75,31.79,0.0,0.0,0.0,0.0,1.2,3.35,-31.79
el Clot,anio_medio,sobre_todo_barrio,0.75,15.7,3.18,0.0,3.18,1.78,0.63,23.3,-12.52
el Coll,anio_medio,sobre_todo_barrio,0.75,17.62,57.16,0.0,6.89,27.92,0.7,16.84,39.54
el Congrés i els Indians,anio_medio,sobre_todo_barrio,0.75,13.4,0.0,0.0,0.0,0.0,1.01,10.08,-13.4
el Fort Pienc,anio_medio,sobre_todo_barrio,0.75,384.92,258.41,0.0,145.24,136.42,0.48,22.07,-126.51
el Guinardó,anio_medio,sobre_todo_barrio,0.75,65.11,80.46,0.0,21.83,43.56,1.0,6.95,15.35
el Parc i la Llacuna del Poblenou,anio_medio,sobre_todo_barrio,0.75,124.86,554.43,0.0,103.42,264.43,0.15,14.69,429.58
el Poble Sec,anio_medio,sobre_todo_barrio,0.75,549.6,365.56,0.0,315.06,188.35,0.24,12.0,-184.04
el Poblenou,anio_medio,sobre_todo_barrio,0.75,238.23,206.64,0.0,190.94,96.45,0.23,10.44,-31.58
el Putxet i el Farró,anio_medio,sobre_todo_barrio,0.75,126.39,141.57,0.0,62.43,72.27,0.23,9.13,15.18
el Raval,anio_medio,sobre_todo_barrio,0.75,271.93,654.47,0.0,249.95,305.24,0.09,8.39,382.54
l'Antiga Esquerra de l'Eixample,anio_medio,sobre_todo_barrio,0.75,681.36,736.34,0.0,567.53,368.3,0.13,25.82,54.98
la Barceloneta,anio_medio,sobre_todo_barrio,0.75,50.17,14.94,0.0,13.41,7.09,0.57,-13.36,-35.23
la Bordeta,anio_medio,sobre_todo_barrio,0.75,32.17,6.37,0.0,1.09,3.37,0.36,9.9,-25.8
la Dreta de l'Eixample,anio_medio,sobre_todo_barrio,0.75,1720.82,2020.25,0.0,1485.88,955.58,0.14,12.83,299.43
la Font d'en Fargues,anio_medio,sobre_todo_barrio,0.75,7.28,0.0,0.0,0.0,0.0,0.76,-17.45,-7.28
la Font de la Guatlla,anio_medio,sobre_todo_barrio,0.75,54.77,92.17,0.0,50.79,45.79,0.16,39.24,37.4
la Marina de Port,anio_medio,sobre_todo_barrio,0.75,5.36,9.96,0.0,2.3,6.51,0.62,-14.99,4.6
la Marina del Prat Vermell,anio_medio,sobre_todo_barrio,0.75,1.15,0.0,0.0,0.0,0.0,0.96,-35.93,-1.15
la Maternitat i Sant Ramon,anio_medio,sobre_todo_barrio,0.75,42.13,77.75,0.0,42.13,38.68,0.21,42.85,35.62
la Nova Esquerra de l'Eixample,anio_medio,sobre_todo_barrio,0.75,448.49,378.61,0.0,269.81,197.16,0.27,23.27,-69.88
la Sagrada Família,anio_medio,sobre_todo_barrio,0.75,782.47,104.51,0.0,94.66,62.57,0.81,27.19,-677.96
la Sagrera,anio_medio,sobre_todo_barrio,0.75,9.57,10.68,0.0,3.06,5.15,1.33,3.36,1.1
la Salut,anio_medio,sobre_todo_barrio,0.75,27.96,9.99,0.0,1.92,7.13,1.66,23.24,-17.97
la Teixonera,anio_medio,sobre_todo_barrio,0.75,1.92,0.0,0.0,0.0,0.0,0.88,4.26,-1.92
la Vall d'Hebron,anio_medio,sobre_todo_barrio,0.75,1.53,31.75,0.0,1.53,12.38,0.15,-9.82,30.22
la Verneda i la Pau,anio_medio,sobre_todo_barrio,0.75,6.89,0.0,0.0,0.0,0.0,1.25,71.16,-6.89
la Vila Olímpica del Poblenou,anio_medio,sobre_todo_barrio,0.75,121.79,139.02,0.0,109.54,66.06,0.25,13.4,17.23
la Vila de Gràcia,anio_medio,sobre_todo_barrio,0.75,651.87,152.13,0.0,148.74,80.19,0.42,22.06,-499.73
les Corts,anio_medio,sobre_todo_barrio,0.75,145.92,140.84,0.0,119.39,73.9,0.21,35.27,-5.08
les Tres Torres,anio_medio,sobre_todo_barrio,0.75,23.75,18.38,0.0,17.62,9.96,0.4,18.69,-5.36
Sant Genís dels Agudells,anio_medio,sobre_todo_barrio,0.75,0.0,1.32,0.0,0.0,0.79,,,1.32
Can Baró,anio_medio,solo_barrio,1.0,21.06,0.0,0.0,0.0,0.0,1.28,10.56,-21.06
Diagonal Mar i el Front Marítim del Poblenou,anio_medio,solo_barrio,1.0,131.37,209.88,0.0,129.07,96.52,0.15,306.66,78.52
Horta,anio_medio,solo_barrio,1.0,7.66,13.65,0.0,5.61,5.74,0.96,11.43,5.99
Hostafrancs,anio_medio,solo_barrio,1.0,108.01,207.04,0.0,79.79,101.22,0.16,18.11,99.03
Navas,anio_medio,solo_barrio,1.0,13.4,58.83,0.0,2.32,28.91,0.48,5.13,45.42
Pedralbes,anio_medio,solo_barrio,1.0,6.13,9.96,0.0,6.13,3.83,0.17,74.62,3.83
Porta,anio_medio,solo_barrio,1.0,2.68,54.99,0.0,1.53,25.42,0.25,10.31,52.31
Provençals del Poblenou,anio_medio,solo_barrio,1.0,28.34,82.34,0.0,22.6,40.22,0.19,65.08,54.0
Sant Andreu,anio_medio,solo_barrio,1.0,18.38,5.56,0.0,5.56,2.18,0.6,-12.05,-12.82
Sant Antoni,anio_medio,solo_barrio,1.0,620.46,277.23,0.0,213.09,148.7,0.23,23.32,-343.23
Sant Gervasi - Galvany,anio_medio,solo_barrio,1.0,182.31,364.76,0.0,148.6,185.27,0.12,21.66,182.45
Sant Gervasi - la Bonanova,anio_medio,solo_barrio,1.0,43.28,114.17,0.0,40.22,50.49,0.14,22.58,70.89
Sant Martí de Provençals,anio_medio,solo_barrio,1.0,18.77,0.0,0.0,0.0,0.0,0.81,66.72,-18.77
"Sant Pere, Santa Caterina i la Ribera",anio_medio,solo_barrio,1.0,245.5,263.14,0.0,172.94,129.73,0.08,28.16,17.63
Sants,anio_medio,solo_barrio,1.0,182.69,197.94,0.0,153.24,91.1,0.37,25.66,15.25
Sants - Badal,anio_medio,solo_barrio,1.0,50.94,29.37,0.0,24.39,15.64,0.45,16.22,-21.57
Sarrià,anio_medio,solo_barrio,1.0,11.49,13.02,0.0,11.49,6.51,0.24,12.84,1.53
Vallcarca i els Penitents,anio_medio,solo_barrio,1.0,42.13,22.21,0.0,1.15,11.68,0.78,21.06,-19.92
"Vallvidrera, el Tibidabo i les Planes",anio_medio,solo_barrio,1.0,1.53,0.0,0.0,0.0,0.0,1.77,0.81,-1.53
Verdun,anio_medio,solo_barrio,1.0,2.3,0.0,0.0,0.0,0.0,1.0,10.56,-2.3
Vilapicina i la Torre Llobeta,anio_medio,solo_barrio,1.0,9.96,3.58,0.0,0.0,1.98,0.25,20.42,-6.38
el Baix Guinardó,anio_medio,solo_barrio,1.0,48.64,69.79,0.0,16.85,40.0,0.82,21.89,21.15
el Barri Gòtic,anio_medio,solo_barrio,1.0,264.27,312.7,0.0,253.16,155.56,0.04,20.41,48.43
el Besòs i el Maresme,anio_medio,solo_barrio,1.0,22.21,5.36,0.0,5.36,2.3,0.33,79.94,-16.85
el Bon Pastor,anio_medio,solo_barrio,1.0,0.77,0.77,0.0,0.77,0.38,0.57,-7.38,0.0
el Camp d'en Grassot i Gràcia Nova,anio_medio,solo_barrio,1.0,181.54,82.83,0.0,36.98,43.56,0.94,47.94,-98.71
el Camp de l'Arpa del Clot,anio_medio,solo_barrio,1.0,179.63,204.7,0.0,52.01,108.31,0.72,20.41,25.07
el Carmel,anio_medio,solo_barrio,1.0,31.79,0.0,0.0,0.0,0.0,1.17,6.09,-31.79
el Clot,anio_medio,solo_barrio,1.0,15.7,3.23,0.0,1.53,1.78,0.45,65.0,-12.48
el Coll,anio_medio,solo_barrio,1.0,17.62,58.13,0.0,11.87,27.92,0.61,8.74,40.51
el Congrés i els Indians,anio_medio,solo_barrio,1.0,13.4,0.0,0.0,0.0,0.0,0.86,7.08,-13.4
el Fort Pienc,anio_medio,solo_barrio,1.0,384.92,257.07,0.0,156.13,136.42,0.4,23.08,-127.85
el Guinardó,anio_medio,solo_barrio,1.0,65.11,81.51,0.0,24.86,43.56,0.69,4.82,16.4
el Parc i la Llacuna del Poblenou,anio_medio,solo_barrio,1.0,124.86,517.18,0.0,100.35,246.18,0.15,13.8,392.32
el Poble Sec,anio_medio,solo_barrio,1.0,549.6,454.83,0.0,388.94,238.16,0.2,22.16,-94.78
el Poblenou,anio_medio,solo_barrio,1.0,238.23,166.22,0.0,160.09,78.52,0.2,35.49,-72.0
el Putxet i el Farró,anio_medio,solo_barrio,1.0,126.39,147.63,0.0,71.37,72.27,0.22,17.72,21.24
el Raval,anio_medio,solo_barrio,1.0,271.93,616.08,0.0,263.5,280.35,0.06,24.08,344.15
l'Antiga Esquerra de l'Eixample,anio_medio,solo_barrio,1.0,681.36,669.35,0.0,552.24,336.44,0.11,32.78,-12.0
la Barceloneta,anio_medio,solo_barrio,1.0,50.17,44.05,0.0,13.79,20.11,0.51,-5.21,-6.12
la Bordeta,anio_medio,solo_barrio,1.0,32.17,6.93,0.0,1.92,3.37,0.39,17.76,-25.24
la Dreta de l'Eixample,anio_medio,solo_barrio,1.0,1720.82,2302.42,0.0,1606.77,1087.0,0.08,33.5,581.6
la Font d'en Fargues,anio_medio,solo_barrio,1.0,7.28,0.0,0.0,0.0,0.0,0.76,-17.45,-7.28
la Font de la Guatlla,anio_medio,solo_barrio,1.0,54.77,107.17,0.0,54.77,52.63,0.15,37.93,52.4
la Marina de Port,anio_medio,solo_barrio,1.0,5.36,5.62,0.0,2.56,3.93,0.65,-3.14,0.26
la Marina del Prat Vermell,anio_medio,solo_barrio,1.0,1.15,0.0,0.0,0.0,0.0,0.96,-35.93,-1.15
la Maternitat i Sant Ramon,anio_medio,solo_barrio,1.0,42.13,81.7,0.0,42.13,41.04,0.18,45.66,39.57
la Nova Esquerra de l'Eixample,anio_medio,solo_barrio,1.0,448.49,408.64,0.0,300.7,215.72,0.27,26.39,-39.85
la Sagrada Família,anio_medio,solo_barrio,1.0,782.47,105.16,0.0,91.75,62.57,0.79,27.39,-677.31
la Sagrera,anio_medio,solo_barrio,1.0,9.57,9.91,0.0,6.08,5.15,0.52,8.08,0.34
la Salut,anio_medio,solo_barrio,1.0,27.96,11.11,0.0,1.92,7.13,1.12,23.88,-16.85
la Teixonera,anio_medio,solo_barrio,1.0,1.92,0.0,0.0,0.0,0.0,0.83,6.78,-1.92
la Vall d'Hebron,anio_medio,solo_barrio,1.0,1.53,13.74,0.0,1.53,5.82,0.15,-9.82,12.21
la Verneda i la Pau,anio_medio,solo_barrio,1.0,6.89,0.0,0.0,0.0,0.0,1.25,71.16,-6.89
la Vila Olímpica del Poblenou,anio_medio,solo_barrio,1.0,121.79,116.43,0.0,87.32,55.92,0.23,24.45,-5.36
la Vila de Gràcia,anio_medio,solo_barrio,1.0,651.87,149.14,0.0,146.08,80.19,0.4,32.11,-502.73
les Corts,anio_medio,solo_barrio,1.0,145.92,142.16,0.0,119.11,75.63,0.2,43.02,-3.77
les Tres Torres,anio_medio,solo_barrio,1.0,23.75,21.83,0.0,18.77,11.87,0.39,23.34,-1.92
Sant Genís dels Agudells,anio_medio,solo_barrio,1.0,0.0,1.32,0.0,0.0,0.79,,,1.32
Can Baró,julio,solo_precio,0.0,24.54,0.0,0.0,0.0,0.0,3.55,64.15,-24.54
Diagonal Mar i el Front Marítim del Poblenou,julio,solo_precio,0.0,153.04,322.54,0.0,5.8,149.99,4.47,0.16,169.49
Horta,julio,solo_precio,0.0,8.92,8.55,0.0,0.0,3.92,4.58,109.9,-0.38
Hostafrancs,julio,solo_precio,0.0,125.83,369.83,0.0,4.91,186.84,2.3,30.46,244.01
Navas,julio,solo_precio,0.0,15.62,38.68,0.0,0.0,19.71,3.66,31.89,23.06
Pedralbes,julio,solo_precio,0.0,7.14,49.11,0.0,0.0,24.44,3.62,-0.02,41.97
Porta,julio,solo_precio,0.0,3.12,44.8,0.0,0.0,22.82,6.58,22.06,41.67
Provençals del Poblenou,julio,solo_precio,0.0,33.02,193.42,0.0,1.34,88.56,4.02,0.08,160.41
Sant Andreu,julio,solo_precio,0.0,21.42,2.97,0.0,0.0,1.48,5.66,9.0,-18.45
Sant Antoni,julio,solo_precio,0.0,722.84,201.05,0.0,14.92,101.38,1.81,15.12,-521.79
Sant Gervasi - Galvany,julio,solo_precio,0.0,212.39,286.77,0.0,3.61,145.12,2.49,0.16,74.38
Sant Gervasi - la Bonanova,julio,solo_precio,0.0,50.42,85.58,0.0,0.0,43.6,3.4,23.38,35.16
Sant Martí de Provençals,julio,solo_precio,0.0,21.86,0.0,0.0,0.0,0.0,4.51,57.8,-21.86
"Sant Pere, Santa Caterina i la Ribera",julio,solo_precio,0.0,286.01,336.43,0.0,14.13,170.36,1.59,0.06,50.42
Sants,julio,solo_precio,0.0,212.84,225.02,0.0,6.25,110.02,3.27,41.23,12.18
Sants - Badal,julio,solo_precio,0.0,59.34,19.8,0.0,0.0,10.67,3.77,53.97,-39.54
Sarrià,julio,solo_precio,0.0,13.39,46.96,0.0,0.0,25.52,4.07,33.58,33.58
Vallcarca i els Penitents,julio,solo_precio,0.0,49.08,13.7,0.0,0.0,7.97,3.58,72.5,-35.38
"Vallvidrera, el Tibidabo i les Planes",julio,solo_precio,0.0,1.78,22.46,0.0,0.0,9.45,3.35,-3.69,20.67
Verdun,julio,solo_precio,0.0,2.68,0.0,0.0,0.0,0.0,4.98,99.76,-2.68
Vilapicina i la Torre Llobeta,julio,solo_precio,0.0,11.6,2.14,0.0,0.0,1.35,4.66,33.67,-9.46
el Baix Guinardó,julio,solo_precio,0.0,56.67,54.7,0.0,0.0,27.27,2.8,13.61,-1.97
el Barri Gòtic,julio,solo_precio,0.0,307.87,1044.25,0.0,25.17,531.84,1.79,0.06,736.37
el Besòs i el Maresme,julio,solo_precio,0.0,25.88,75.45,0.0,0.0,35.37,4.8,66.0,49.57
el Bon Pastor,julio,solo_precio,0.0,0.89,25.15,0.0,0.0,12.42,6.71,18.92,24.25
el Camp d'en Grassot i Gràcia Nova,julio,solo_precio,0.0,211.5,56.99,0.0,1.78,29.7,2.79,25.56,-154.51
el Camp de l'Arpa del Clot,julio,solo_precio,0.0,209.27,140.65,0.0,3.12,73.84,3.16,32.66,-68.61
el Carmel,julio,solo_precio,0.0,37.03,0.0,0.0,0.0,0.0,4.47,39.51,-37.03
el Clot,julio,solo_precio,0.0,18.29,2.31,0.0,0.0,1.22,3.0,32.81,-15.99
el Coll,julio,solo_precio,0.0,20.52,34.8,0.0,0.0,19.04,4.54,57.66,14.27
el Congrés i els Indians,julio,solo_precio,0.0,15.62,0.0,0.0,0.0,0.0,4.83,62.61,-15.62
el Fort Pienc,julio,solo_precio,0.0,448.43,181.13,0.0,1.13,93.02,1.95,16.66,-267.3
el Guinardó,julio,solo_precio,0.0,75.85,62.85,0.0,0.0,29.7,3.73,25.69,-13.01
el Parc i la Llacuna del Poblenou,julio,solo_precio,0.0,145.46,522.59,0.0,3.57,251.24,2.49,0.07,377.13
el Poble Sec,julio,solo_precio,0.0,640.29,305.12,0.0,14.01,147.96,2.33,34.1,-335.17
el Poblenou,julio,solo_precio,0.0,277.53,466.41,0.0,8.03,229.77,3.55,0.05,188.88
el Putxet i el Farró,julio,solo_precio,0.0,147.24,97.82,0.0,0.0,49.28,3.1,23.07,-49.43
el Raval,julio,solo_precio,0.0,316.8,1214.49,0.0,36.99,595.47,1.53,30.43,897.69
l'Antiga Esquerra de l'Eixample,julio,solo_precio,0.0,793.78,588.27,0.0,44.88,292.18,1.73,6.94,-205.52
la Barceloneta,julio,solo_precio,0.0,58.45,87.79,0.0,1.34,37.48,2.57,-0.04,29.34
la Bordeta,julio,solo_precio,0.0,37.48,4.46,0.0,0.0,2.3,3.0,24.3,-33.02
la Dreta de l'Eixample,julio,solo_precio,0.0,2004.75,1745.14,0.0,300.71,856.09,1.67,0.04,-259.61
la Font d'en Fargues,julio,solo_precio,0.0,8.48,0.0,0.0,0.0,0.0,4.63,-0.01,-8.48
la Font de la Guatlla,julio,solo_precio,0.0,63.81,82.96,0.0,0.0,37.94,2.74,39.45,19.16
la Marina de Port,julio,solo_precio,0.0,6.25,57.91,0.0,0.0,27.54,6.66,33.69,51.66
la Marina del Prat Vermell,julio,solo_precio,0.0,1.34,27.31,0.0,0.0,13.36,4.0,0.0,25.97
la Maternitat i Sant Ramon,julio,solo_precio,0.0,49.08,258.12,0.0,0.0,117.49,3.77,43.52,209.04
la Nova Esquerra de l'Eixample,julio,solo_precio,0.0,522.49,321.03,0.0,17.2,161.86,2.01,31.34,-201.47
la Sagrada Família,julio,solo_precio,0.0,911.58,84.41,0.0,7.29,42.66,2.51,19.61,-827.16
la Sagrera,julio,solo_precio,0.0,11.15,6.82,0.0,0.0,3.51,4.12,64.13,-4.33
la Salut,julio,solo_precio,0.0,32.57,9.65,0.0,0.0,4.86,3.14,77.74,-22.92
la Teixonera,julio,solo_precio,0.0,2.23,0.0,0.0,0.0,0.0,5.46,59.67,-2.23
la Vall d'Hebron,julio,solo_precio,0.0,1.78,38.98,0.0,0.0,21.06,6.22,34.31,37.19
la Verneda i la Pau,julio,solo_precio,0.0,8.03,0.0,0.0,0.0,0.0,4.53,79.48,-8.03
la Vila Olímpica del Poblenou,julio,solo_precio,0.0,141.89,114.74,0.0,0.0,56.03,2.48,0.0,-27.15
la Vila de Gràcia,julio,solo_precio,0.0,759.42,107.42,0.0,11.74,54.68,2.42,17.45,-652.01
les Corts,julio,solo_precio,0.0,170.0,478.11,0.0,5.83,227.88,3.19,34.18,308.11
les Tres Torres,julio,solo_precio,0.0,27.66,34.92,0.0,0.0,18.09,3.8,0.0,7.25
Sant Genís dels Agudells,julio,solo_precio,0.0,0.0,1.76,0.0,0.0,0.54,,,1.76
Can Baró,julio,sobre_todo_precio,0.25,24.54,0.0,0.0,0.0,0.0,2.48,56.72,-24.54
Diagonal Mar i el Front Marítim del Poblenou,julio,sobre_todo_precio,0.25,153.04,286.42,0.0,90.74,134.11,0.6,12.33,133.37
Horta,julio,sobre_todo_precio,0.25,8.92,6.76,0.0,1.78,3.92,2.57,33.12,-2.16
Hostafrancs,julio,sobre_todo_precio,0.25,125.83,370.21,0.0,69.11,186.84,0.44,27.07,244.38
Navas,julio,sobre_todo_precio,0.25,15.62,36.77,0.0,0.0,19.71,1.81,-3.17,21.15
Pedralbes,julio,sobre_todo_precio,0.25,7.14,37.94,0.0,1.78,16.61,1.15,-1.38,30.8
Porta,julio,sobre_todo_precio,0.25,3.12,45.68,0.0,0.0,22.82,0.57,-5.7,42.56
Provençals del Poblenou,julio,sobre_todo_precio,0.25,33.02,183.9,0.0,4.91,88.56,0.89,7.15,150.88
Sant Andreu,julio,sobre_todo_precio,0.25,21.42,2.51,0.0,1.34,1.48,2.73,0.8,-18.9
Sant Antoni,julio,sobre_todo_precio,0.25,722.84,190.0,0.0,97.37,101.38,0.61,11.92,-532.83
Sant Gervasi - Galvany,julio,sobre_todo_precio,0.25,212.39,288.61,0.0,82.4,145.12,0.56,4.89,76.22
Sant Gervasi - la Bonanova,julio,sobre_todo_precio,0.25,50.42,91.22,0.0,16.79,43.61,0.86,17.42,40.8
Sant Martí de Provençals,julio,sobre_todo_precio,0.25,21.86,0.0,0.0,0.0,0.0,1.28,56.01,-21.86
"Sant Pere, Santa Caterina i la Ribera",julio,sobre_todo_precio,0.25,286.01,351.23,0.0,96.51,169.02,0.29,2.53,65.22
Sants,julio,sobre_todo_precio,0.25,212.84,209.88,0.0,68.98,110.02,0.73,28.23,-2.96
Sants - Badal,julio,sobre_todo_precio,0.25,59.34,18.94,0.0,6.2,10.66,1.19,48.4,-40.4
Sarrià,julio,sobre_todo_precio,0.25,13.39,50.78,0.0,7.09,25.52,0.68,17.73,37.4
Vallcarca i els Penitents,julio,sobre_todo_precio,0.25,49.08,15.93,0.0,0.89,7.97,2.55,81.56,-33.15
"Vallvidrera, el Tibidabo i les Planes",julio,sobre_todo_precio,0.25,1.78,22.31,0.0,0.0,8.48,1.77,0.81,20.52
Verdun,julio,sobre_todo_precio,0.25,2.68,0.0,0.0,0.0,0.0,5.07,70.52,-2.68
Vilapicina i la Torre Llobeta,julio,sobre_todo_precio,0.25,11.6,2.1,0.0,0.67,1.35,2.3,30.0,-9.5
el Baix Guinardó,julio,sobre_todo_precio,0.25,56.67,45.42,0.0,12.74,27.27,1.71,-3.15,-11.25
el Barri Gòtic,julio,sobre_todo_precio,0.25,307.87,1219.67,0.0,247.85,566.47,0.17,2.25,911.79
el Besòs i el Maresme,julio,sobre_todo_precio,0.25,25.88,5.35,0.0,3.12,2.68,0.52,62.87,-20.52
el Bon Pastor,julio,sobre_todo_precio,0.25,0.89,23.83,0.0,0.89,12.42,0.57,-7.38,22.93
el Camp d'en Grassot i Gràcia Nova,julio,sobre_todo_precio,0.25,211.5,52.39,0.0,21.8,29.7,1.43,46.91,-159.1
el Camp de l'Arpa del Clot,julio,sobre_todo_precio,0.25,209.27,134.68,0.0,20.97,73.85,1.65,54.76,-74.58
el Carmel,julio,sobre_todo_precio,0.25,37.03,0.0,0.0,0.0,0.0,2.1,47.98,-37.03
el Clot,julio,sobre_todo_precio,0.25,18.29,1.62,0.0,0.0,1.22,0.73,54.24,-16.67
el Coll,julio,sobre_todo_precio,0.25,20.52,33.44,0.0,1.78,19.04,2.67,70.52,12.91
el Congrés i els Indians,julio,sobre_todo_precio,0.25,15.62,0.0,0.0,0.0,0.0,1.95,69.75,-15.62
el Fort Pienc,julio,sobre_todo_precio,0.25,448.43,172.5,0.0,76.57,93.02,1.0,20.65,-275.93
el Guinardó,julio,sobre_todo_precio,0.25,75.85,55.26,0.0,9.37,29.7,2.43,32.1,-20.59
el Parc i la Llacuna del Poblenou,julio,sobre_todo_precio,0.25,145.46,461.21,0.0,77.4,229.5,0.4,10.42,315.75
el Poble Sec,julio,sobre_todo_precio,0.25,640.29,275.56,0.0,204.81,147.96,0.57,28.65,-364.73
el Poblenou,julio,sobre_todo_precio,0.25,277.53,473.37,0.0,217.44,217.3,0.39,9.4,195.84
el Putxet i el Farró,julio,sobre_todo_precio,0.25,147.24,90.34,0.0,23.72,49.28,1.12,18.99,-56.9
el Raval,julio,sobre_todo_precio,0.25,316.8,1283.66,0.0,198.34,612.77,0.24,30.14,966.86
l'Antiga Esquerra de l'Eixample,julio,sobre_todo_precio,0.25,793.78,565.51,0.0,332.05,291.74,0.37,20.14,-228.27
la Barceloneta,julio,sobre_todo_precio,0.25,58.45,39.63,0.0,10.33,19.14,0.68,-0.35,-18.82
la Bordeta,julio,sobre_todo_precio,0.25,37.48,6.47,0.0,2.23,2.3,0.74,10.91,-31.01
la Dreta de l'Eixample,julio,sobre_todo_precio,0.25,2004.75,1976.68,0.0,1111.02,949.27,0.41,3.28,-28.07
la Font d'en Fargues,julio,sobre_todo_precio,0.25,8.48,0.0,0.0,0.0,0.0,0.92,-12.32,-8.48
la Font de la Guatlla,julio,sobre_todo_precio,0.25,63.81,68.75,0.0,8.03,37.94,1.05,33.47,4.95
la Marina de Port,julio,sobre_todo_precio,0.25,6.25,51.06,0.0,2.23,27.54,1.31,8.72,44.82
la Marina del Prat Vermell,julio,sobre_todo_precio,0.25,1.34,13.83,0.0,0.0,6.69,2.25,-5.69,12.49
la Maternitat i Sant Ramon,julio,sobre_todo_precio,0.25,49.08,191.76,0.0,36.81,90.74,0.48,46.64,142.68
la Nova Esquerra de l'Eixample,julio,sobre_todo_precio,0.25,522.49,297.21,0.0,135.5,161.86,0.58,30.6,-225.29
la Sagrada Família,julio,sobre_todo_precio,0.25,911.58,72.38,0.0,54.4,42.66,1.3,26.03,-839.2
la Sagrera,julio,sobre_todo_precio,0.25,11.15,6.24,0.0,1.78,3.51,2.25,32.46,-4.92
la Salut,julio,sobre_todo_precio,0.25,32.57,8.55,0.0,1.7,4.86,1.69,74.93,-24.02
la Teixonera,julio,sobre_todo_precio,0.25,2.23,0.0,0.0,0.0,0.0,3.78,49.49,-2.23
la Vall d'Hebron,julio,sobre_todo_precio,0.25,1.78,40.89,0.0,0.0,21.06,3.97,31.01,39.1
la Verneda i la Pau,julio,sobre_todo_precio,0.25,8.03,0.0,0.0,0.0,0.0,1.59,69.37,-8.03
la Vila Olímpica del Poblenou,julio,sobre_todo_precio,0.25,141.89,116.55,0.0,72.65,56.03,0.5,7.43,-25.34
la Vila de Gràcia,julio,sobre_todo_precio,0.25,759.42,108.47,0.0,83.12,54.68,0.79,15.95,-650.96
les Corts,julio,sobre_todo_precio,0.25,170.0,464.45,0.0,113.8,227.88,0.58,28.79,294.45
les Tres Torres,julio,sobre_todo_precio,0.25,27.66,34.86,0.0,9.73,18.09,0.51,5.17,7.19
Sant Genís dels Agudells,julio,sobre_todo_precio,0.25,0.0,1.49,0.0,0.0,0.54,,,1.49
Can Baró,julio,equilibrio,0.5,24.54,0.0,0.0,0.0,0.0,2.4,46.48,-24.54
Diagonal Mar i el Front Marítim del Poblenou,julio,equilibrio,0.5,153.04,232.98,0.0,135.2,108.8,0.38,37.14,79.94
Horta,julio,equilibrio,0.5,8.92,7.56,0.0,1.78,3.92,3.77,107.57,-1.36
Hostafrancs,julio,equilibrio,0.5,125.83,365.25,0.0,75.3,186.84,0.32,17.93,239.42
Navas,julio,equilibrio,0.5,15.62,36.64,0.0,1.78,19.71,1.8,-2.35,21.02
Pedralbes,julio,equilibrio,0.5,7.14,29.32,0.0,0.0,14.66,0.69,14.89,22.18
Porta,julio,equilibrio,0.5,3.12,44.92,0.0,2.11,22.82,0.27,-3.96,41.8
Provençals del Poblenou,julio,equilibrio,0.5,33.02,181.16,0.0,23.65,88.56,0.28,40.64,148.14
Sant Andreu,julio,equilibrio,0.5,21.42,4.46,0.0,4.46,1.48,0.68,-16.15,-16.96
Sant Antoni,julio,equilibrio,0.5,722.84,181.93,0.0,115.08,101.38,0.45,16.42,-540.91
Sant Gervasi - Galvany,julio,equilibrio,0.5,212.39,284.52,0.0,85.62,145.12,0.34,9.1,72.13
Sant Gervasi - la Bonanova,julio,equilibrio,0.5,50.42,88.0,0.0,23.25,43.6,0.37,11.76,37.58
Sant Martí de Provençals,julio,equilibrio,0.5,21.86,0.0,0.0,0.0,0.0,0.88,65.94,-21.86
"Sant Pere, Santa Caterina i la Ribera",julio,equilibrio,0.5,286.01,341.14,0.0,129.0,166.29,0.2,5.57,55.12
Sants,julio,equilibrio,0.5,212.84,218.49,0.0,100.58,110.02,0.61,18.46,5.65
Sants - Badal,julio,equilibrio,0.5,59.34,20.79,0.0,12.94,10.66,0.84,20.47,-38.55
Sarrià,julio,equilibrio,0.5,13.39,51.19,0.0,6.25,25.52,0.42,11.06,37.8
Vallcarca i els Penitents,julio,equilibrio,0.5,49.08,15.48,0.0,0.0,7.97,2.19,92.42,-33.6
"Vallvidrera, el Tibidabo i les Planes",julio,equilibrio,0.5,1.78,22.37,0.0,0.0,9.45,1.77,0.81,20.59
Verdun,julio,equilibrio,0.5,2.68,0.0,0.0,0.0,0.0,4.59,69.39,-2.68
Vilapicina i la Torre Llobeta,julio,equilibrio,0.5,11.6,1.86,0.0,0.0,1.35,1.37,5.96,-9.74
el Baix Guinardó,julio,equilibrio,0.5,56.67,46.19,0.0,5.75,27.27,1.55,4.2,-10.48
el Barri Gòtic,julio,equilibrio,0.5,307.87,1186.86,0.0,266.47,558.6,0.11,3.01,878.98
el Besòs i el Maresme,julio,equilibrio,0.5,25.88,0.0,0.0,0.0,0.0,0.59,62.87,-25.88
el Bon Pastor,julio,equilibrio,0.5,0.89,23.03,0.0,0.89,12.42,0.57,-7.38,22.14
el Camp d'en Grassot i Gràcia Nova,julio,equilibrio,0.5,211.5,56.97,0.0,23.56,29.7,1.29,48.12,-154.52
el Camp de l'Arpa del Clot,julio,equilibrio,0.5,209.27,138.71,0.0,28.03,73.84,1.48,52.85,-70.56
el Carmel,julio,equilibrio,0.5,37.03,0.0,0.0,0.0,0.0,1.64,-3.84,-37.03
el Clot,julio,equilibrio,0.5,18.29,1.98,0.0,1.34,1.22,0.9,52.49,-16.31
el Coll,julio,equilibrio,0.5,20.52,42.16,0.0,2.68,19.04,2.08,23.02,21.63
el Congrés i els Indians,julio,equilibrio,0.5,15.62,0.0,0.0,0.0,0.0,2.49,68.91,-15.62
el Fort Pienc,julio,equilibrio,0.5,448.43,173.22,0.0,81.35,93.02,0.9,20.38,-275.21
el Guinardó,julio,equilibrio,0.5,75.85,50.39,0.0,10.26,29.7,2.21,7.46,-25.46
el Parc i la Llacuna del Poblenou,julio,equilibrio,0.5,145.46,497.16,0.0,66.48,254.36,0.37,13.53,351.7
el Poble Sec,julio,equilibrio,0.5,640.29,277.88,0.0,242.79,147.96,0.51,24.38,-362.41
el Poblenou,julio,equilibrio,0.5,277.53,497.41,0.0,238.03,229.77,0.33,8.77,219.88
el Putxet i el Farró,julio,equilibrio,0.5,147.24,88.3,0.0,39.21,49.28,0.66,14.02,-58.94
el Raval,julio,equilibrio,0.5,316.8,1230.53,0.0,242.2,587.31,0.16,18.96,913.73
l'Antiga Esquerra de l'Eixample,julio,equilibrio,0.5,793.78,592.22,0.0,375.48,302.13,0.24,30.8,-201.56
la Barceloneta,julio,equilibrio,0.5,58.45,29.95,0.0,11.21,13.42,0.63,-2.85,-28.5
la Bordeta,julio,equilibrio,0.5,37.48,3.85,0.0,0.0,2.3,0.68,16.71,-33.63
la Dreta de l'Eixample,julio,equilibrio,0.5,2004.75,2148.35,0.0,1329.04,1016.99,0.27,14.77,143.6
la Font d'en Fargues,julio,equilibrio,0.5,8.48,0.0,0.0,0.0,0.0,0.83,-13.41,-8.48
la Font de la Guatlla,julio,equilibrio,0.5,63.81,69.05,0.0,21.64,37.94,0.41,36.08,5.24
la Marina de Port,julio,equilibrio,0.5,6.25,59.65,0.0,2.23,27.54,0.87,8.72,53.4
la Marina del Prat Vermell,julio,equilibrio,0.5,1.34,0.0,0.0,0.0,0.0,0.96,-35.93,-1.34
la Maternitat i Sant Ramon,julio,equilibrio,0.5,49.08,112.38,0.0,45.28,52.73,0.27,44.68,63.3
la Nova Esquerra de l'Eixample,julio,equilibrio,0.5,522.49,302.69,0.0,167.97,161.86,0.47,29.53,-219.8
la Sagrada Família,julio,equilibrio,0.5,911.58,67.74,0.0,56.06,42.66,1.31,28.25,-843.84
la Sagrera,julio,equilibrio,0.5,11.15,6.65,0.0,3.57,3.51,2.08,7.68,-4.5
la Salut,julio,equilibrio,0.5,32.57,7.11,0.0,0.89,4.86,2.09,97.17,-25.46
la Teixonera,julio,equilibrio,0.5,2.23,0.0,0.0,0.0,0.0,2.27,109.68,-2.23
la Vall d'Hebron,julio,equilibrio,0.5,1.78,44.88,0.0,1.78,21.06,0.15,-9.82,43.1
la Verneda i la Pau,julio,equilibrio,0.5,8.03,0.0,0.0,0.0,0.0,1.37,72.07,-8.03
la Vila Olímpica del Poblenou,julio,equilibrio,0.5,141.89,118.24,0.0,86.65,56.03,0.36,7.43,-23.65
la Vila de Gràcia,julio,equilibrio,0.5,759.42,100.82,0.0,89.53,54.68,0.69,22.06,-658.6
les Corts,julio,equilibrio,0.5,170.0,464.35,0.0,148.41,227.88,0.44,34.71,294.35
les Tres Torres,julio,equilibrio,0.5,27.66,36.4,0.0,7.25,18.09,0.45,9.81,8.74
Sant Genís dels Agudells,julio,equilibrio,0.5,0.0,1.08,0.0,0.0,0.54,,,1.08
Can Baró,julio,sobre_todo_barrio,0.75,24.54,0.0,0.0,0.0,0.0,2.18,-0.32,-24.54
Diagonal Mar i el Front Marítim del Poblenou,julio,sobre_todo_barrio,0.75,153.04,215.77,0.0,143.23,99.15,0.28,50.36,62.72
Horta,julio,sobre_todo_barrio,0.75,8.92,7.62,0.0,1.78,3.92,3.42,80.27,-1.3
Hostafrancs,julio,sobre_todo_barrio,0.75,125.83,370.08,0.0,73.86,186.84,0.32,24.0,244.25
Navas,julio,sobre_todo_barrio,0.75,15.62,36.22,0.0,0.32,19.71,1.76,-2.1,20.6
Pedralbes,julio,sobre_todo_barrio,0.75,7.14,52.76,0.0,3.57,22.04,0.18,15.94,45.62
Porta,julio,sobre_todo_barrio,0.75,3.12,43.39,0.0,2.11,22.82,0.27,-3.96,40.27
Provençals del Poblenou,julio,sobre_todo_barrio,0.75,33.02,181.51,0.0,19.19,88.56,0.24,50.84,148.49
Sant Andreu,julio,sobre_todo_barrio,0.75,21.42,4.46,0.0,4.46,1.48,0.68,-16.15,-16.96
Sant Antoni,julio,sobre_todo_barrio,0.75,722.84,182.96,0.0,135.78,101.38,0.42,20.79,-539.88
Sant Gervasi - Galvany,julio,sobre_todo_barrio,0.75,212.39,283.04,0.0,94.7,145.13,0.26,11.06,70.65
Sant Gervasi - la Bonanova,julio,sobre_todo_barrio,0.75,50.42,86.64,0.0,27.22,43.6,0.31,17.37,36.22
Sant Martí de Provençals,julio,sobre_todo_barrio,0.75,21.86,0.0,0.0,0.0,0.0,0.87,60.64,-21.86
"Sant Pere, Santa Caterina i la Ribera",julio,sobre_todo_barrio,0.75,286.01,342.08,0.0,134.86,167.91,0.14,11.32,56.07
Sants,julio,sobre_todo_barrio,0.75,212.84,219.41,0.0,139.15,110.03,0.51,22.34,6.58
Sants - Badal,julio,sobre_todo_barrio,0.75,59.34,20.96,0.0,13.38,10.67,0.89,16.95,-38.39
Sarrià,julio,sobre_todo_barrio,0.75,13.39,52.94,0.0,11.6,25.52,0.24,14.62,39.55
Vallcarca i els Penitents,julio,sobre_todo_barrio,0.75,49.08,14.43,0.0,0.0,7.96,2.27,53.02,-34.65
"Vallvidrera, el Tibidabo i les Planes",julio,sobre_todo_barrio,0.75,1.78,22.37,0.0,0.0,9.45,1.77,0.81,20.59
Verdun,julio,sobre_todo_barrio,0.75,2.68,0.0,0.0,0.0,0.0,1.92,15.86,-2.68
Vilapicina i la Torre Llobeta,julio,sobre_todo_barrio,0.75,11.6,2.36,0.0,0.0,1.35,1.37,5.96,-9.24
el Baix Guinardó,julio,sobre_todo_barrio,0.75,56.67,43.44,0.0,8.1,27.27,1.37,6.76,-13.23
el Barri Gòtic,julio,sobre_todo_barrio,0.75,307.87,1047.72,0.0,284.37,486.66,0.07,6.81,739.84
el Besòs i el Maresme,julio,sobre_todo_barrio,0.75,25.88,0.0,0.0,0.0,0.0,0.44,62.87,-25.88
el Bon Pastor,julio,sobre_todo_barrio,0.75,0.89,26.28,0.0,0.89,12.42,0.57,-7.38,25.39
el Camp d'en Grassot i Gràcia Nova,julio,sobre_todo_barrio,0.75,211.5,53.29,0.0,24.42,29.7,1.24,60.3,-158.21
el Camp de l'Arpa del Clot,julio,sobre_todo_barrio,0.75,209.27,138.07,0.0,29.0,73.85,1.34,56.66,-71.2
el Carmel,julio,sobre_todo_barrio,0.75,37.03,0.0,0.0,0.0,0.0,1.64,-3.84,-37.03
el Clot,julio,sobre_todo_barrio,0.75,18.29,1.98,0.0,1.34,1.22,0.79,55.02,-16.31
el Coll,julio,sobre_todo_barrio,0.75,20.52,42.28,0.0,2.68,19.04,1.75,-2.66,21.75
el Congrés i els Indians,julio,sobre_todo_barrio,0.75,15.62,0.0,0.0,0.0,0.0,1.93,4.62,-15.62
el Fort Pienc,julio,sobre_todo_barrio,0.75,448.43,172.77,0.0,86.99,93.02,0.78,24.53,-275.65
el Guinardó,julio,sobre_todo_barrio,0.75,75.85,52.35,0.0,13.28,29.7,1.83,10.67,-23.51
el Parc i la Llacuna del Poblenou,julio,sobre_todo_barrio,0.75,145.46,570.42,0.0,72.73,286.88,0.3,12.15,424.96
el Poble Sec,julio,sobre_todo_barrio,0.75,640.29,288.65,0.0,257.26,155.55,0.46,25.12,-351.64
el Poblenou,julio,sobre_todo_barrio,0.75,277.53,494.34,0.0,237.45,229.77,0.23,12.83,216.8
el Putxet i el Farró,julio,sobre_todo_barrio,0.75,147.24,88.2,0.0,46.07,49.28,0.41,12.36,-59.05
el Raval,julio,sobre_todo_barrio,0.75,316.8,1237.33,0.0,276.67,572.43,0.11,19.58,920.53
l'Antiga Esquerra de l'Eixample,julio,sobre_todo_barrio,0.75,793.78,588.5,0.0,398.51,302.13,0.2,32.05,-205.29
la Barceloneta,julio,sobre_todo_barrio,0.75,58.45,29.71,0.0,9.88,12.54,0.61,-7.58,-28.74
la Bordeta,julio,sobre_todo_barrio,0.75,37.48,3.38,0.0,0.0,2.3,0.7,14.94,-34.1
la Dreta de l'Eixample,julio,sobre_todo_barrio,0.75,2004.75,2232.26,0.0,1483.0,1075.14,0.17,22.95,227.5
la Font d'en Fargues,julio,sobre_todo_barrio,0.75,8.48,0.0,0.0,0.0,0.0,0.83,-13.41,-8.48
la Font de la Guatlla,julio,sobre_todo_barrio,0.75,63.81,67.58,0.0,27.46,37.94,0.41,32.57,3.77
la Marina de Port,julio,sobre_todo_barrio,0.75,6.25,51.31,0.0,4.91,24.99,0.69,-7.51,45.07
la Marina del Prat Vermell,julio,sobre_todo_barrio,0.75,1.34,0.0,0.0,0.0,0.0,0.96,-35.93,-1.34
la Maternitat i Sant Ramon,julio,sobre_todo_barrio,0.75,49.08,93.26,0.0,41.7,45.37,0.23,46.64,44.18
la Nova Esquerra de l'Eixample,julio,sobre_todo_barrio,0.75,522.49,293.75,0.0,182.48,161.86,0.42,32.84,-228.74
la Sagrada Família,julio,sobre_todo_barrio,0.75,911.58,70.51,0.0,66.47,42.66,1.21,40.47,-841.07
la Sagrera,julio,sobre_todo_barrio,0.75,11.15,6.57,0.0,3.57,3.51,1.44,4.23,-4.58
la Salut,julio,sobre_todo_barrio,0.75,32.57,7.24,0.0,0.89,4.86,2.13,47.74,-25.33
la Teixonera,julio,sobre_todo_barrio,0.75,2.23,0.0,0.0,0.0,0.0,1.31,-2.33,-2.23
la Vall d'Hebron,julio,sobre_todo_barrio,0.75,1.78,46.62,0.0,1.78,21.06,0.15,-9.82,44.84
la Verneda i la Pau,julio,sobre_todo_barrio,0.75,8.03,0.0,0.0,0.0,0.0,1.25,71.16,-8.03
la Vila Olímpica del Poblenou,julio,sobre_todo_barrio,0.75,141.89,115.81,0.0,91.27,56.03,0.31,16.54,-26.08
la Vila de Gràcia,julio,sobre_todo_barrio,0.75,759.42,100.39,0.0,96.82,54.68,0.66,32.48,-659.03
les Corts,julio,sobre_todo_barrio,0.75,170.0,462.25,0.0,153.28,227.88,0.29,40.18,292.25
les Tres Torres,julio,sobre_todo_barrio,0.75,27.66,37.07,0.0,14.97,18.09,0.41,14.06,9.41
Sant Genís dels Agudells,julio,sobre_todo_barrio,0.75,0.0,1.97,0.0,0.0,0.54,,,1.97
Can Baró,julio,solo_barrio,1.0,24.54,0.0,0.0,0.0,0.0,2.15,0.79,-24.54
Diagonal Mar i el Front Marítim del Poblenou,julio,solo_barrio,1.0,153.04,221.54,0.0,147.69,102.53,0.16,265.82,68.5
Horta,julio,solo_barrio,1.0,8.92,7.77,0.0,1.78,3.92,3.33,16.65,-1.15
Hostafrancs,julio,solo_barrio,1.0,125.83,369.07,0.0,80.65,186.84,0.28,24.36,243.24
Navas,julio,solo_barrio,1.0,15.62,36.88,0.0,1.34,19.71,1.47,8.53,21.27
Pedralbes,julio,solo_barrio,1.0,7.14,42.5,0.0,7.14,17.13,0.17,74.62,35.36
Porta,julio,solo_barrio,1.0,3.12,45.16,0.0,1.78,22.82,0.26,-8.59,42.03
Provençals del Poblenou,julio,solo_barrio,1.0,33.02,185.62,0.0,26.33,87.96,0.19,65.08,152.6
Sant Andreu,julio,solo_barrio,1.0,21.42,4.46,0.0,4.46,1.48,0.67,-16.72,-16.96
Sant Antoni,julio,solo_barrio,1.0,722.84,180.25,0.0,153.29,101.38,0.38,25.91,-542.59
Sant Gervasi - Galvany,julio,solo_barrio,1.0,212.39,275.86,0.0,102.54,145.13,0.19,22.75,63.47
Sant Gervasi - la Bonanova,julio,solo_barrio,1.0,50.42,93.67,0.0,37.93,43.6,0.21,16.17,43.25
Sant Martí de Provençals,julio,solo_barrio,1.0,21.86,0.0,0.0,0.0,0.0,0.87,82.34,-21.86
"Sant Pere, Santa Caterina i la Ribera",julio,solo_barrio,1.0,286.01,390.74,0.0,183.42,193.84,0.1,27.69,104.73
Sants,julio,solo_barrio,1.0,212.84,228.7,0.0,157.02,110.03,0.5,23.31,15.86
Sants - Badal,julio,solo_barrio,1.0,59.34,19.85,0.0,14.54,10.66,0.81,12.02,-39.49
Sarrià,julio,solo_barrio,1.0,13.39,54.54,0.0,11.6,25.52,0.24,14.62,41.16
Vallcarca i els Penitents,julio,solo_barrio,1.0,49.08,15.48,0.0,0.0,7.97,2.22,60.8,-33.6
"Vallvidrera, el Tibidabo i les Planes",julio,solo_barrio,1.0,1.78,22.98,0.0,0.0,9.45,1.77,0.81,21.2
Verdun,julio,solo_barrio,1.0,2.68,0.0,0.0,0.0,0.0,1.92,15.86,-2.68
Vilapicina i la Torre Llobeta,julio,solo_barrio,1.0,11.6,3.4,0.0,0.0,1.35,0.71,2.93,-8.2
el Baix Guinardó,julio,solo_barrio,1.0,56.67,43.14,0.0,8.56,27.27,1.37,17.42,-13.53
el Barri Gòtic,julio,solo_barrio,1.0,307.87,873.13,0.0,294.54,401.95,0.05,20.52,565.25
el Besòs i el Maresme,julio,solo_barrio,1.0,25.88,6.25,0.0,6.25,2.68,0.33,79.94,-19.63
el Bon Pastor,julio,solo_barrio,1.0,0.89,25.86,0.0,0.89,12.42,0.57,-7.38,24.96
el Camp d'en Grassot i Gràcia Nova,julio,solo_barrio,1.0,211.5,54.13,0.0,23.69,29.7,1.4,50.9,-157.36
el Camp de l'Arpa del Clot,julio,solo_barrio,1.0,209.27,138.94,0.0,28.56,73.85,1.35,53.91,-70.33
el Carmel,julio,solo_barrio,1.0,37.03,0.0,0.0,0.0,0.0,1.64,-0.46,-37.03
el Clot,julio,solo_barrio,1.0,18.29,2.43,0.0,0.0,1.22,0.64,53.66,-15.86
el Coll,julio,solo_barrio,1.0,20.52,35.7,0.0,4.46,19.04,1.73,2.38,15.17
el Congrés i els Indians,julio,solo_barrio,1.0,15.62,0.0,0.0,0.0,0.0,1.57,-0.15,-15.62
el Fort Pienc,julio,solo_barrio,1.0,448.43,172.57,0.0,96.38,93.02,0.71,27.5,-275.86
el Guinardó,julio,solo_barrio,1.0,75.85,51.41,0.0,14.28,29.7,1.42,8.61,-24.44
el Parc i la Llacuna del Poblenou,julio,solo_barrio,1.0,145.46,560.52,0.0,97.72,286.88,0.16,15.57,415.06
el Poble Sec,julio,solo_barrio,1.0,640.29,336.36,0.0,277.9,184.82,0.39,31.56,-303.93
el Poblenou,julio,solo_barrio,1.0,277.53,488.71,0.0,205.02,226.0,0.22,33.89,211.18
el Putxet i el Farró,julio,solo_barrio,1.0,147.24,93.43,0.0,51.93,49.28,0.38,14.01,-53.82
el Raval,julio,solo_barrio,1.0,316.8,1297.67,0.0,300.57,590.41,0.07,27.0,980.87
l'Antiga Esquerra de l'Eixample,julio,solo_barrio,1.0,793.78,597.97,0.0,428.62,302.13,0.17,34.79,-195.81
la Barceloneta,julio,solo_barrio,1.0,58.45,52.65,0.0,11.15,23.65,0.62,-2.85,-5.8
la Bordeta,julio,solo_barrio,1.0,37.48,4.49,0.0,2.55,2.3,0.57,14.94,-32.99
la Dreta de l'Eixample,julio,solo_barrio,1.0,2004.75,2206.95,0.0,1570.71,1075.14,0.12,39.18,202.2
la Font d'en Fargues,julio,solo_barrio,1.0,8.48,0.0,0.0,0.0,0.0,0.83,-13.41,-8.48
la Font de la Guatlla,julio,solo_barrio,1.0,63.81,69.61,0.0,30.79,37.94,0.37,35.98,5.81
la Marina de Port,julio,solo_barrio,1.0,6.25,31.33,0.0,4.91,16.37,0.75,8.72,25.08
la Marina del Prat Vermell,julio,solo_barrio,1.0,1.34,0.0,0.0,0.0,0.0,0.96,-35.93,-1.34
la Maternitat i Sant Ramon,julio,solo_barrio,1.0,49.08,118.62,0.0,48.83,57.63,0.32,61.51,69.54
la Nova Esquerra de l'Eixample,julio,solo_barrio,1.0,522.49,298.06,0.0,188.71,161.86,0.39,32.32,-224.43
la Sagrada Família,julio,solo_barrio,1.0,911.58,71.41,0.0,65.37,42.66,1.16,37.38,-840.17
la Sagrera,julio,solo_barrio,1.0,11.15,7.0,0.0,3.57,3.51,1.44,3.36,-4.16
la Salut,julio,solo_barrio,1.0,32.57,7.87,0.0,0.89,4.86,2.51,56.6,-24.7
la Teixonera,julio,solo_barrio,1.0,2.23,0.0,0.0,0.0,0.0,1.31,-2.33,-2.23
la Vall d'Hebron,julio,solo_barrio,1.0,1.78,44.17,0.0,1.78,21.06,0.15,-9.82,42.38
la Verneda i la Pau,julio,solo_barrio,1.0,8.03,0.0,0.0,0.0,0.0,1.25,71.16,-8.03
la Vila Olímpica del Poblenou,julio,solo_barrio,1.0,141.89,115.42,0.0,85.11,56.03,0.25,23.97,-26.47
la Vila de Gràcia,julio,solo_barrio,1.0,759.42,98.34,0.0,94.77,54.68,0.6,37.15,-661.08
les Corts,julio,solo_barrio,1.0,170.0,464.42,0.0,149.48,227.88,0.25,41.48,294.42
les Tres Torres,julio,solo_barrio,1.0,27.66,35.29,0.0,13.23,18.09,0.4,19.31,7.62
Sant Genís dels Agudells,julio,solo_barrio,1.0,0.0,1.94,0.0,0.0,0.54,,,1.94
