variante,origen,destino,turistas
"A. banda primero, sin limite de distancia",sale de €,va a €,117.6015
"A. banda primero, sin limite de distancia",sale de €,va a €€,1051.6975
"A. banda primero, sin limite de distancia",sale de €,va a €€€,2276.169
"A. banda primero, sin limite de distancia",sale de €,va a €€€€,0.0
"A. banda primero, sin limite de distancia",sale de €€,va a €,0.0
"A. banda primero, sin limite de distancia",sale de €€,va a €€,1825.1579999999994
"A. banda primero, sin limite de distancia",sale de €€,va a €€€,4218.965000000001
"A. banda primero, sin limite de distancia",sale de €€,va a €€€€,0.0
"A. banda primero, sin limite de distancia",sale de €€€,va a €,0.0
"A. banda primero, sin limite de distancia",sale de €€€,va a €€,0.0
"A. banda primero, sin limite de distancia",sale de €€€,va a €€€,1847.592
"A. banda primero, sin limite de distancia",sale de €€€,va a €€€€,0.0
"A. banda primero, sin limite de distancia",sale de €€€€,va a €,0.0
"A. banda primero, sin limite de distancia",sale de €€€€,va a €€,0.0
"A. banda primero, sin limite de distancia",sale de €€€€,va a €€€,0.0
"A. banda primero, sin limite de distancia",sale de €€€€,va a €€€€,178.478
"B. banda primero, antes dentro de 1 km",sale de €,va a €,117.72874999999998
"B. banda primero, antes dentro de 1 km",sale de €,va a €€,1097.86725
"B. banda primero, antes dentro de 1 km",sale de €,va a €€€,2102.8886666666663
"B. banda primero, antes dentro de 1 km",sale de €,va a €€€€,126.98333333333363
"B. banda primero, antes dentro de 1 km",sale de €€,va a €,0.0
"B. banda primero, antes dentro de 1 km",sale de €€,va a €€,1747.6886666666662
"B. banda primero, antes dentro de 1 km",sale de €€,va a €€€,4025.712666666667
"B. banda primero, antes dentro de 1 km",sale de €€,va a €€€€,270.72166666666703
"B. banda primero, antes dentro de 1 km",sale de €€€,va a €,0.0
"B. banda primero, antes dentro de 1 km",sale de €€€,va a €€,9.958
"B. banda primero, antes dentro de 1 km",sale de €€€,va a €€€,1767.3390000000002
"B. banda primero, antes dentro de 1 km",sale de €€€,va a €€€€,70.2949999999999
"B. banda primero, antes dentro de 1 km",sale de €€€€,va a €,0.0
"B. banda primero, antes dentro de 1 km",sale de €€€€,va a €€,0.0
"B. banda primero, antes dentro de 1 km",sale de €€€€,va a €€€,3.064
"B. banda primero, antes dentro de 1 km",sale de €€€€,va a €€€€,175.41400000000002
Referencia: modelo actual (precio y cercania al 50 %),sale de €,va a €,50.211
Referencia: modelo actual (precio y cercania al 50 %),sale de €,va a €€,158.2259999999998
Referencia: modelo actual (precio y cercania al 50 %),sale de €,va a €€€,3043.4375000000005
Referencia: modelo actual (precio y cercania al 50 %),sale de €,va a €€€€,193.59349999999972
Referencia: modelo actual (precio y cercania al 50 %),sale de €€,va a €,68.16966666666667
Referencia: modelo actual (precio y cercania al 50 %),sale de €€,va a €€,2328.6333666666665
Referencia: modelo actual (precio y cercania al 50 %),sale de €€,va a €€€,3622.5223
Referencia: modelo actual (precio y cercania al 50 %),sale de €€,va a €€€€,24.797666666666995
Referencia: modelo actual (precio y cercania al 50 %),sale de €€€,va a €,0.0
Referencia: modelo actual (precio y cercania al 50 %),sale de €€€,va a €€,247.40966666666668
Referencia: modelo actual (precio y cercania al 50 %),sale de €€€,va a €€€,1582.1813333333334
Referencia: modelo actual (precio y cercania al 50 %),sale de €€€,va a €€€€,18.001
Referencia: modelo actual (precio y cercania al 50 %),sale de €€€€,va a €,0.0
Referencia: modelo actual (precio y cercania al 50 %),sale de €€€€,va a €€,0.0
Referencia: modelo actual (precio y cercania al 50 %),sale de €€€€,va a €€€,28.277
Referencia: modelo actual (precio y cercania al 50 %),sale de €€€€,va a €€€€,150.201
